keyword,date,index,type
['东风汽车'],2017-01-01,0,feed
['东风汽车'],2017-01-02,0,feed
['东风汽车'],2017-01-03,0,feed
['东风汽车'],2017-01-04,0,feed
['东风汽车'],2017-01-05,0,feed
['东风汽车'],2017-01-06,0,feed
['东风汽车'],2017-01-07,0,feed
['东风汽车'],2017-01-08,0,feed
['东风汽车'],2017-01-09,0,feed
['东风汽车'],2017-01-10,0,feed
['东风汽车'],2017-01-11,0,feed
['东风汽车'],2017-01-12,0,feed
['东风汽车'],2017-01-13,0,feed
['东风汽车'],2017-01-14,0,feed
['东风汽车'],2017-01-15,0,feed
['东风汽车'],2017-01-16,0,feed
['东风汽车'],2017-01-17,0,feed
['东风汽车'],2017-01-18,0,feed
['东风汽车'],2017-01-19,0,feed
['东风汽车'],2017-01-20,0,feed
['东风汽车'],2017-01-21,0,feed
['东风汽车'],2017-01-22,0,feed
['东风汽车'],2017-01-23,0,feed
['东风汽车'],2017-01-24,0,feed
['东风汽车'],2017-01-25,0,feed
['东风汽车'],2017-01-26,0,feed
['东风汽车'],2017-01-27,0,feed
['东风汽车'],2017-01-28,0,feed
['东风汽车'],2017-01-29,0,feed
['东风汽车'],2017-01-30,0,feed
['东风汽车'],2017-01-31,0,feed
['东风汽车'],2017-02-01,0,feed
['东风汽车'],2017-02-02,0,feed
['东风汽车'],2017-02-03,0,feed
['东风汽车'],2017-02-04,0,feed
['东风汽车'],2017-02-05,0,feed
['东风汽车'],2017-02-06,0,feed
['东风汽车'],2017-02-07,0,feed
['东风汽车'],2017-02-08,0,feed
['东风汽车'],2017-02-09,0,feed
['东风汽车'],2017-02-10,0,feed
['东风汽车'],2017-02-11,0,feed
['东风汽车'],2017-02-12,0,feed
['东风汽车'],2017-02-13,0,feed
['东风汽车'],2017-02-14,0,feed
['东风汽车'],2017-02-15,0,feed
['东风汽车'],2017-02-16,0,feed
['东风汽车'],2017-02-17,0,feed
['东风汽车'],2017-02-18,0,feed
['东风汽车'],2017-02-19,0,feed
['东风汽车'],2017-02-20,0,feed
['东风汽车'],2017-02-21,0,feed
['东风汽车'],2017-02-22,0,feed
['东风汽车'],2017-02-23,0,feed
['东风汽车'],2017-02-24,0,feed
['东风汽车'],2017-02-25,0,feed
['东风汽车'],2017-02-26,0,feed
['东风汽车'],2017-02-27,0,feed
['东风汽车'],2017-02-28,0,feed
['东风汽车'],2017-03-01,0,feed
['东风汽车'],2017-03-02,0,feed
['东风汽车'],2017-03-03,0,feed
['东风汽车'],2017-03-04,0,feed
['东风汽车'],2017-03-05,0,feed
['东风汽车'],2017-03-06,0,feed
['东风汽车'],2017-03-07,0,feed
['东风汽车'],2017-03-08,0,feed
['东风汽车'],2017-03-09,0,feed
['东风汽车'],2017-03-10,0,feed
['东风汽车'],2017-03-11,0,feed
['东风汽车'],2017-03-12,0,feed
['东风汽车'],2017-03-13,0,feed
['东风汽车'],2017-03-14,0,feed
['东风汽车'],2017-03-15,0,feed
['东风汽车'],2017-03-16,0,feed
['东风汽车'],2017-03-17,0,feed
['东风汽车'],2017-03-18,0,feed
['东风汽车'],2017-03-19,0,feed
['东风汽车'],2017-03-20,0,feed
['东风汽车'],2017-03-21,0,feed
['东风汽车'],2017-03-22,0,feed
['东风汽车'],2017-03-23,0,feed
['东风汽车'],2017-03-24,0,feed
['东风汽车'],2017-03-25,0,feed
['东风汽车'],2017-03-26,0,feed
['东风汽车'],2017-03-27,0,feed
['东风汽车'],2017-03-28,0,feed
['东风汽车'],2017-03-29,0,feed
['东风汽车'],2017-03-30,0,feed
['东风汽车'],2017-03-31,0,feed
['东风汽车'],2017-04-01,0,feed
['东风汽车'],2017-04-02,0,feed
['东风汽车'],2017-04-03,0,feed
['东风汽车'],2017-04-04,0,feed
['东风汽车'],2017-04-05,0,feed
['东风汽车'],2017-04-06,0,feed
['东风汽车'],2017-04-07,0,feed
['东风汽车'],2017-04-08,0,feed
['东风汽车'],2017-04-09,0,feed
['东风汽车'],2017-04-10,0,feed
['东风汽车'],2017-04-11,0,feed
['东风汽车'],2017-04-12,0,feed
['东风汽车'],2017-04-13,0,feed
['东风汽车'],2017-04-14,0,feed
['东风汽车'],2017-04-15,0,feed
['东风汽车'],2017-04-16,0,feed
['东风汽车'],2017-04-17,0,feed
['东风汽车'],2017-04-18,0,feed
['东风汽车'],2017-04-19,0,feed
['东风汽车'],2017-04-20,0,feed
['东风汽车'],2017-04-21,0,feed
['东风汽车'],2017-04-22,0,feed
['东风汽车'],2017-04-23,0,feed
['东风汽车'],2017-04-24,0,feed
['东风汽车'],2017-04-25,0,feed
['东风汽车'],2017-04-26,0,feed
['东风汽车'],2017-04-27,0,feed
['东风汽车'],2017-04-28,0,feed
['东风汽车'],2017-04-29,0,feed
['东风汽车'],2017-04-30,0,feed
['东风汽车'],2017-05-01,0,feed
['东风汽车'],2017-05-02,0,feed
['东风汽车'],2017-05-03,0,feed
['东风汽车'],2017-05-04,0,feed
['东风汽车'],2017-05-05,0,feed
['东风汽车'],2017-05-06,0,feed
['东风汽车'],2017-05-07,0,feed
['东风汽车'],2017-05-08,0,feed
['东风汽车'],2017-05-09,0,feed
['东风汽车'],2017-05-10,0,feed
['东风汽车'],2017-05-11,0,feed
['东风汽车'],2017-05-12,0,feed
['东风汽车'],2017-05-13,0,feed
['东风汽车'],2017-05-14,0,feed
['东风汽车'],2017-05-15,0,feed
['东风汽车'],2017-05-16,0,feed
['东风汽车'],2017-05-17,0,feed
['东风汽车'],2017-05-18,0,feed
['东风汽车'],2017-05-19,0,feed
['东风汽车'],2017-05-20,0,feed
['东风汽车'],2017-05-21,0,feed
['东风汽车'],2017-05-22,0,feed
['东风汽车'],2017-05-23,0,feed
['东风汽车'],2017-05-24,0,feed
['东风汽车'],2017-05-25,0,feed
['东风汽车'],2017-05-26,0,feed
['东风汽车'],2017-05-27,0,feed
['东风汽车'],2017-05-28,0,feed
['东风汽车'],2017-05-29,0,feed
['东风汽车'],2017-05-30,0,feed
['东风汽车'],2017-05-31,0,feed
['东风汽车'],2017-06-01,0,feed
['东风汽车'],2017-06-02,0,feed
['东风汽车'],2017-06-03,0,feed
['东风汽车'],2017-06-04,0,feed
['东风汽车'],2017-06-05,0,feed
['东风汽车'],2017-06-06,0,feed
['东风汽车'],2017-06-07,0,feed
['东风汽车'],2017-06-08,0,feed
['东风汽车'],2017-06-09,0,feed
['东风汽车'],2017-06-10,0,feed
['东风汽车'],2017-06-11,0,feed
['东风汽车'],2017-06-12,0,feed
['东风汽车'],2017-06-13,0,feed
['东风汽车'],2017-06-14,0,feed
['东风汽车'],2017-06-15,0,feed
['东风汽车'],2017-06-16,0,feed
['东风汽车'],2017-06-17,0,feed
['东风汽车'],2017-06-18,0,feed
['东风汽车'],2017-06-19,0,feed
['东风汽车'],2017-06-20,0,feed
['东风汽车'],2017-06-21,0,feed
['东风汽车'],2017-06-22,0,feed
['东风汽车'],2017-06-23,0,feed
['东风汽车'],2017-06-24,0,feed
['东风汽车'],2017-06-25,0,feed
['东风汽车'],2017-06-26,0,feed
['东风汽车'],2017-06-27,0,feed
['东风汽车'],2017-06-28,0,feed
['东风汽车'],2017-06-29,0,feed
['东风汽车'],2017-06-30,0,feed
['东风汽车'],2017-07-01,0,feed
['东风汽车'],2017-07-02,0,feed
['东风汽车'],2017-07-03,1069,feed
['东风汽车'],2017-07-04,1022,feed
['东风汽车'],2017-07-05,717,feed
['东风汽车'],2017-07-06,449,feed
['东风汽车'],2017-07-07,2257,feed
['东风汽车'],2017-07-08,422,feed
['东风汽车'],2017-07-09,435,feed
['东风汽车'],2017-07-10,537,feed
['东风汽车'],2017-07-11,907,feed
['东风汽车'],2017-07-12,320,feed
['东风汽车'],2017-07-13,967,feed
['东风汽车'],2017-07-14,494,feed
['东风汽车'],2017-07-15,629,feed
['东风汽车'],2017-07-16,272,feed
['东风汽车'],2017-07-17,197,feed
['东风汽车'],2017-07-18,130,feed
['东风汽车'],2017-07-19,137,feed
['东风汽车'],2017-07-20,964,feed
['东风汽车'],2017-07-21,1510,feed
['东风汽车'],2017-07-22,2649,feed
['东风汽车'],2017-07-23,1429,feed
['东风汽车'],2017-07-24,31857,feed
['东风汽车'],2017-07-25,17877,feed
['东风汽车'],2017-07-26,4427,feed
['东风汽车'],2017-07-27,1127,feed
['东风汽车'],2017-07-28,784,feed
['东风汽车'],2017-07-29,262,feed
['东风汽车'],2017-07-30,329,feed
['东风汽车'],2017-07-31,487,feed
['东风汽车'],2017-08-01,4149,feed
['东风汽车'],2017-08-02,552,feed
['东风汽车'],2017-08-03,130,feed
['东风汽车'],2017-08-04,22,feed
['东风汽车'],2017-08-05,242,feed
['东风汽车'],2017-08-06,22,feed
['东风汽车'],2017-08-07,304,feed
['东风汽车'],2017-08-08,105,feed
['东风汽车'],2017-08-09,355,feed
['东风汽车'],2017-08-10,255,feed
['东风汽车'],2017-08-11,32,feed
['东风汽车'],2017-08-12,39,feed
['东风汽车'],2017-08-13,702,feed
['东风汽车'],2017-08-14,357,feed
['东风汽车'],2017-08-15,629,feed
['东风汽车'],2017-08-16,272,feed
['东风汽车'],2017-08-17,6804,feed
['东风汽车'],2017-08-18,249719,feed
['东风汽车'],2017-08-19,22654,feed
['东风汽车'],2017-08-20,15289,feed
['东风汽车'],2017-08-21,7877,feed
['东风汽车'],2017-08-22,367,feed
['东风汽车'],2017-08-23,334,feed
['东风汽车'],2017-08-24,427,feed
['东风汽车'],2017-08-25,247,feed
['东风汽车'],2017-08-26,444,feed
['东风汽车'],2017-08-27,192,feed
['东风汽车'],2017-08-28,439,feed
['东风汽车'],2017-08-29,1359,feed
['东风汽车'],2017-08-30,732,feed
['东风汽车'],2017-08-31,342,feed
['东风汽车'],2017-09-01,329,feed
['东风汽车'],2017-09-02,245,feed
['东风汽车'],2017-09-03,165,feed
['东风汽车'],2017-09-04,374,feed
['东风汽车'],2017-09-05,482,feed
['东风汽车'],2017-09-06,402,feed
['东风汽车'],2017-09-07,787,feed
['东风汽车'],2017-09-08,472,feed
['东风汽车'],2017-09-09,219,feed
['东风汽车'],2017-09-10,409,feed
['东风汽车'],2017-09-11,1052,feed
['东风汽车'],2017-09-12,427,feed
['东风汽车'],2017-09-13,1837,feed
['东风汽车'],2017-09-14,510,feed
['东风汽车'],2017-09-15,239,feed
['东风汽车'],2017-09-16,229,feed
['东风汽车'],2017-09-17,1254,feed
['东风汽车'],2017-09-18,3060,feed
['东风汽车'],2017-09-19,362,feed
['东风汽车'],2017-09-20,824,feed
['东风汽车'],2017-09-21,1029,feed
['东风汽车'],2017-09-22,180,feed
['东风汽车'],2017-09-23,85,feed
['东风汽车'],2017-09-24,79,feed
['东风汽车'],2017-09-25,1090,feed
['东风汽车'],2017-09-26,714,feed
['东风汽车'],2017-09-27,400,feed
['东风汽车'],2017-09-28,310,feed
['东风汽车'],2017-09-29,1587,feed
['东风汽车'],2017-09-30,3912,feed
['东风汽车'],2017-10-01,9882,feed
['东风汽车'],2017-10-02,7404,feed
['东风汽车'],2017-10-03,7149,feed
['东风汽车'],2017-10-04,2657,feed
['东风汽车'],2017-10-05,3269,feed
['东风汽车'],2017-10-06,6567,feed
['东风汽车'],2017-10-07,2217,feed
['东风汽车'],2017-10-08,6847,feed
['东风汽车'],2017-10-09,127,feed
['东风汽车'],2017-10-10,112,feed
['东风汽车'],2017-10-11,417,feed
['东风汽车'],2017-10-12,749,feed
['东风汽车'],2017-10-13,747,feed
['东风汽车'],2017-10-14,222,feed
['东风汽车'],2017-10-15,212,feed
['东风汽车'],2017-10-16,264,feed
['东风汽车'],2017-10-17,745,feed
['东风汽车'],2017-10-18,360,feed
['东风汽车'],2017-10-19,367,feed
['东风汽车'],2017-10-20,109,feed
['东风汽车'],2017-10-21,345,feed
['东风汽车'],2017-10-22,127,feed
['东风汽车'],2017-10-23,424,feed
['东风汽车'],2017-10-24,362,feed
['东风汽车'],2017-10-25,329,feed
['东风汽车'],2017-10-26,762,feed
['东风汽车'],2017-10-27,437,feed
['东风汽车'],2017-10-28,177,feed
['东风汽车'],2017-10-29,152,feed
['东风汽车'],2017-10-30,219,feed
['东风汽车'],2017-10-31,417,feed
['东风汽车'],2017-11-01,1284,feed
['东风汽车'],2017-11-02,337,feed
['东风汽车'],2017-11-03,227,feed
['东风汽车'],2017-11-04,92,feed
['东风汽车'],2017-11-05,85,feed
['东风汽车'],2017-11-06,2304,feed
['东风汽车'],2017-11-07,1404,feed
['东风汽车'],2017-11-08,317,feed
['东风汽车'],2017-11-09,8844,feed
['东风汽车'],2017-11-10,5260,feed
['东风汽车'],2017-11-11,2137,feed
['东风汽车'],2017-11-12,1062,feed
['东风汽车'],2017-11-13,1227,feed
['东风汽车'],2017-11-14,912,feed
['东风汽车'],2017-11-15,982,feed
['东风汽车'],2017-11-16,1069,feed
['东风汽车'],2017-11-17,687,feed
['东风汽车'],2017-11-18,894,feed
['东风汽车'],2017-11-19,415,feed
['东风汽车'],2017-11-20,3092,feed
['东风汽车'],2017-11-21,2422,feed
['东风汽车'],2017-11-22,827,feed
['东风汽车'],2017-11-23,860,feed
['东风汽车'],2017-11-24,3725,feed
['东风汽车'],2017-11-25,512,feed
['东风汽车'],2017-11-26,4012,feed
['东风汽车'],2017-11-27,10704,feed
['东风汽车'],2017-11-28,27004,feed
['东风汽车'],2017-11-29,129137,feed
['东风汽车'],2017-11-30,303607,feed
['东风汽车'],2017-12-01,211734,feed
['东风汽车'],2017-12-02,37799,feed
['东风汽车'],2017-12-03,14919,feed
['东风汽车'],2017-12-04,7132,feed
['东风汽车'],2017-12-05,3072,feed
['东风汽车'],2017-12-06,2279,feed
['东风汽车'],2017-12-07,329,feed
['东风汽车'],2017-12-08,4672,feed
['东风汽车'],2017-12-09,28854,feed
['东风汽车'],2017-12-10,12472,feed
['东风汽车'],2017-12-11,6507,feed
['东风汽车'],2017-12-12,6272,feed
['东风汽车'],2017-12-13,792,feed
['东风汽车'],2017-12-14,2034,feed
['东风汽车'],2017-12-15,2057,feed
['东风汽车'],2017-12-16,1717,feed
['东风汽车'],2017-12-17,1104,feed
['东风汽车'],2017-12-18,280,feed
['东风汽车'],2017-12-19,0,feed
['东风汽车'],2017-12-20,4834,feed
['东风汽车'],2017-12-21,18959,feed
['东风汽车'],2017-12-22,13372,feed
['东风汽车'],2017-12-23,7519,feed
['东风汽车'],2017-12-24,2807,feed
['东风汽车'],2017-12-25,1790,feed
['东风汽车'],2017-12-26,350,feed
['东风汽车'],2017-12-27,280,feed
['东风汽车'],2017-12-28,854,feed
['东风汽车'],2017-12-29,290,feed
['东风汽车'],2017-12-30,79,feed
['东风汽车'],2017-12-31,347,feed
['东风汽车'],2018-01-01,304,feed
['东风汽车'],2018-01-02,247,feed
['东风汽车'],2018-01-03,332,feed
['东风汽车'],2018-01-04,77,feed
['东风汽车'],2018-01-05,1179,feed
['东风汽车'],2018-01-06,415,feed
['东风汽车'],2018-01-07,327,feed
['东风汽车'],2018-01-08,350,feed
['东风汽车'],2018-01-09,760,feed
['东风汽车'],2018-01-10,8614,feed
['东风汽车'],2018-01-11,72,feed
['东风汽车'],2018-01-12,162,feed
['东风汽车'],2018-01-13,82,feed
['东风汽车'],2018-01-14,1987,feed
['东风汽车'],2018-01-15,645,feed
['东风汽车'],2018-01-16,70,feed
['东风汽车'],2018-01-17,4879,feed
['东风汽车'],2018-01-18,180,feed
['东风汽车'],2018-01-19,3605,feed
['东风汽车'],2018-01-20,16902,feed
['东风汽车'],2018-01-21,10894,feed
['东风汽车'],2018-01-22,3917,feed
['东风汽车'],2018-01-23,424,feed
['东风汽车'],2018-01-24,1745,feed
['东风汽车'],2018-01-25,70,feed
['东风汽车'],2018-01-26,157,feed
['东风汽车'],2018-01-27,170,feed
['东风汽车'],2018-01-28,82,feed
['东风汽车'],2018-01-29,2292,feed
['东风汽车'],2018-01-30,13134,feed
['东风汽车'],2018-01-31,4712,feed
['东风汽车'],2018-02-01,12529,feed
['东风汽车'],2018-02-02,16027,feed
['东风汽车'],2018-02-03,4434,feed
['东风汽车'],2018-02-04,1707,feed
['东风汽车'],2018-02-05,4649,feed
['东风汽车'],2018-02-06,2115,feed
['东风汽车'],2018-02-07,369,feed
['东风汽车'],2018-02-08,755,feed
['东风汽车'],2018-02-09,2019,feed
['东风汽车'],2018-02-10,1437,feed
['东风汽车'],2018-02-11,667,feed
['东风汽车'],2018-02-12,277,feed
['东风汽车'],2018-02-13,249,feed
['东风汽车'],2018-02-14,642,feed
['东风汽车'],2018-02-15,1244,feed
['东风汽车'],2018-02-16,875,feed
['东风汽车'],2018-02-17,1822,feed
['东风汽车'],2018-02-18,1197,feed
['东风汽车'],2018-02-19,612,feed
['东风汽车'],2018-02-20,14349,feed
['东风汽车'],2018-02-21,9719,feed
['东风汽车'],2018-02-22,11697,feed
['东风汽车'],2018-02-23,9954,feed
['东风汽车'],2018-02-24,1132,feed
['东风汽车'],2018-02-25,4129,feed
['东风汽车'],2018-02-26,2437,feed
['东风汽车'],2018-02-27,2754,feed
['东风汽车'],2018-02-28,1670,feed
['东风汽车'],2018-03-01,1724,feed
['东风汽车'],2018-03-02,620,feed
['东风汽车'],2018-03-03,122,feed
['东风汽车'],2018-03-04,52,feed
['东风汽车'],2018-03-05,34997,feed
['东风汽车'],2018-03-06,8857,feed
['东风汽车'],2018-03-07,2175,feed
['东风汽车'],2018-03-08,2854,feed
['东风汽车'],2018-03-09,137,feed
['东风汽车'],2018-03-10,132,feed
['东风汽车'],2018-03-11,37,feed
['东风汽车'],2018-03-12,197,feed
['东风汽车'],2018-03-13,172,feed
['东风汽车'],2018-03-14,170,feed
['东风汽车'],2018-03-15,465,feed
['东风汽车'],2018-03-16,7304,feed
['东风汽车'],2018-03-17,3432,feed
['东风汽车'],2018-03-18,7027,feed
['东风汽车'],2018-03-19,1452,feed
['东风汽车'],2018-03-20,1602,feed
['东风汽车'],2018-03-21,3009,feed
['东风汽车'],2018-03-22,1152,feed
['东风汽车'],2018-03-23,875,feed
['东风汽车'],2018-03-24,162,feed
['东风汽车'],2018-03-25,1289,feed
['东风汽车'],2018-03-26,162,feed
['东风汽车'],2018-03-27,5899,feed
['东风汽车'],2018-03-28,27109,feed
['东风汽车'],2018-03-29,8144,feed
['东风汽车'],2018-03-30,0,feed
['东风汽车'],2018-03-31,6012,feed
['东风汽车'],2018-04-01,2115,feed
['东风汽车'],2018-04-02,9852,feed
['东风汽车'],2018-04-03,315,feed
['东风汽车'],2018-04-04,852,feed
['东风汽车'],2018-04-05,1342,feed
['东风汽车'],2018-04-06,882,feed
['东风汽车'],2018-04-07,1167,feed
['东风汽车'],2018-04-08,3360,feed
['东风汽车'],2018-04-09,1982,feed
['东风汽车'],2018-04-10,599,feed
['东风汽车'],2018-04-11,607,feed
['东风汽车'],2018-04-12,1005,feed
['东风汽车'],2018-04-13,52,feed
['东风汽车'],2018-04-14,400,feed
['东风汽车'],2018-04-15,334,feed
['东风汽车'],2018-04-16,1074,feed
['东风汽车'],2018-04-17,17774,feed
['东风汽车'],2018-04-18,3412,feed
['东风汽车'],2018-04-19,842,feed
['东风汽车'],2018-04-20,910,feed
['东风汽车'],2018-04-21,5689,feed
['东风汽车'],2018-04-22,8944,feed
['东风汽车'],2018-04-23,7922,feed
['东风汽车'],2018-04-24,7787,feed
['东风汽车'],2018-04-25,4259,feed
['东风汽车'],2018-04-26,1804,feed
['东风汽车'],2018-04-27,1157,feed
['东风汽车'],2018-04-28,1537,feed
['东风汽车'],2018-04-29,8069,feed
['东风汽车'],2018-04-30,1219,feed
['东风汽车'],2018-05-01,9244,feed
['东风汽车'],2018-05-02,19492,feed
['东风汽车'],2018-05-03,4,feed
['东风汽车'],2018-05-04,163927,feed
['东风汽车'],2018-05-05,8347,feed
['东风汽车'],2018-05-06,3482,feed
['东风汽车'],2018-05-07,527,feed
['东风汽车'],2018-05-08,1345,feed
['东风汽车'],2018-05-09,554,feed
['东风汽车'],2018-05-10,714,feed
['东风汽车'],2018-05-11,53069,feed
['东风汽车'],2018-05-12,41719,feed
['东风汽车'],2018-05-13,15062,feed
['东风汽车'],2018-05-14,4584,feed
['东风汽车'],2018-05-15,2307,feed
['东风汽车'],2018-05-16,487,feed
['东风汽车'],2018-05-17,1052,feed
['东风汽车'],2018-05-18,497,feed
['东风汽车'],2018-05-19,347,feed
['东风汽车'],2018-05-20,299,feed
['东风汽车'],2018-05-21,272,feed
['东风汽车'],2018-05-22,1882,feed
['东风汽车'],2018-05-23,607,feed
['东风汽车'],2018-05-24,1672,feed
['东风汽车'],2018-05-25,3769,feed
['东风汽车'],2018-05-26,2229,feed
['东风汽车'],2018-05-27,70,feed
['东风汽车'],2018-05-28,382,feed
['东风汽车'],2018-05-29,187,feed
['东风汽车'],2018-05-30,152,feed
['东风汽车'],2018-05-31,1155,feed
['东风汽车'],2018-06-01,7477,feed
['东风汽车'],2018-06-02,987,feed
['东风汽车'],2018-06-03,987,feed
['东风汽车'],2018-06-04,725,feed
['东风汽车'],2018-06-05,27029,feed
['东风汽车'],2018-06-06,13559,feed
['东风汽车'],2018-06-07,11917,feed
['东风汽车'],2018-06-08,149,feed
['东风汽车'],2018-06-09,1482,feed
['东风汽车'],2018-06-10,407,feed
['东风汽车'],2018-06-11,1567,feed
['东风汽车'],2018-06-12,13599,feed
['东风汽车'],2018-06-13,21627,feed
['东风汽车'],2018-06-14,25354,feed
['东风汽车'],2018-06-15,9359,feed
['东风汽车'],2018-06-16,4299,feed
['东风汽车'],2018-06-17,1437,feed
['东风汽车'],2018-06-18,2517,feed
['东风汽车'],2018-06-19,6522,feed
['东风汽车'],2018-06-20,2297,feed
['东风汽车'],2018-06-21,510,feed
['东风汽车'],2018-06-22,10484,feed
['东风汽车'],2018-06-23,570,feed
['东风汽车'],2018-06-24,7384,feed
['东风汽车'],2018-06-25,1445,feed
['东风汽车'],2018-06-26,6514,feed
['东风汽车'],2018-06-27,5585,feed
['东风汽车'],2018-06-28,14757,feed
['东风汽车'],2018-06-29,14454,feed
['东风汽车'],2018-06-30,17502,feed
['东风汽车'],2018-07-01,54634,feed
['东风汽车'],2018-07-02,47459,feed
['东风汽车'],2018-07-03,25514,feed
['东风汽车'],2018-07-04,24144,feed
['东风汽车'],2018-07-05,39019,feed
['东风汽车'],2018-07-06,45162,feed
['东风汽车'],2018-07-07,55469,feed
['东风汽车'],2018-07-08,70144,feed
['东风汽车'],2018-07-09,37732,feed
['东风汽车'],2018-07-10,26917,feed
['东风汽车'],2018-07-11,19052,feed
['东风汽车'],2018-07-12,12294,feed
['东风汽车'],2018-07-13,11227,feed
['东风汽车'],2018-07-14,6037,feed
['东风汽车'],2018-07-15,3534,feed
['东风汽车'],2018-07-16,27344,feed
['东风汽车'],2018-07-17,15504,feed
['东风汽车'],2018-07-18,57389,feed
['东风汽车'],2018-07-19,33237,feed
['东风汽车'],2018-07-20,21842,feed
['东风汽车'],2018-07-21,17219,feed
['东风汽车'],2018-07-22,8317,feed
['东风汽车'],2018-07-23,10094,feed
['东风汽车'],2018-07-24,84032,feed
['东风汽车'],2018-07-25,99299,feed
['东风汽车'],2018-07-26,36117,feed
['东风汽车'],2018-07-27,3839,feed
['东风汽车'],2018-07-28,7349,feed
['东风汽车'],2018-07-29,5904,feed
['东风汽车'],2018-07-30,29209,feed
['东风汽车'],2018-07-31,8159,feed
['东风汽车'],2018-08-01,3864,feed
['东风汽车'],2018-08-02,5519,feed
['东风汽车'],2018-08-03,8609,feed
['东风汽车'],2018-08-04,11157,feed
['东风汽车'],2018-08-05,21837,feed
['东风汽车'],2018-08-06,65619,feed
['东风汽车'],2018-08-07,75247,feed
['东风汽车'],2018-08-08,30632,feed
['东风汽车'],2018-08-09,43289,feed
['东风汽车'],2018-08-10,120937,feed
['东风汽车'],2018-08-11,77747,feed
['东风汽车'],2018-08-12,48862,feed
['东风汽车'],2018-08-13,36477,feed
['东风汽车'],2018-08-14,28894,feed
['东风汽车'],2018-08-15,24174,feed
['东风汽车'],2018-08-16,32309,feed
['东风汽车'],2018-08-17,31482,feed
['东风汽车'],2018-08-18,41902,feed
['东风汽车'],2018-08-19,39432,feed
['东风汽车'],2018-08-20,50619,feed
['东风汽车'],2018-08-21,42269,feed
['东风汽车'],2018-08-22,29179,feed
['东风汽车'],2018-08-23,30104,feed
['东风汽车'],2018-08-24,42832,feed
['东风汽车'],2018-08-25,26657,feed
['东风汽车'],2018-08-26,17274,feed
['东风汽车'],2018-08-27,50967,feed
['东风汽车'],2018-08-28,50114,feed
['东风汽车'],2018-08-29,116749,feed
['东风汽车'],2018-08-30,55007,feed
['东风汽车'],2018-08-31,27094,feed
['东风汽车'],2018-09-01,12084,feed
['东风汽车'],2018-09-02,31359,feed
['东风汽车'],2018-09-03,28517,feed
['东风汽车'],2018-09-04,26857,feed
['东风汽车'],2018-09-05,31049,feed
['东风汽车'],2018-09-06,58944,feed
['东风汽车'],2018-09-07,40359,feed
['东风汽车'],2018-09-08,19532,feed
['东风汽车'],2018-09-09,12534,feed
['东风汽车'],2018-09-10,46604,feed
['东风汽车'],2018-09-11,113882,feed
['东风汽车'],2018-09-12,96542,feed
['东风汽车'],2018-09-13,61399,feed
['东风汽车'],2018-09-14,61852,feed
['东风汽车'],2018-09-15,58929,feed
['东风汽车'],2018-09-16,59094,feed
['东风汽车'],2018-09-17,50584,feed
['东风汽车'],2018-09-18,22479,feed
['东风汽车'],2018-09-19,19777,feed
['东风汽车'],2018-09-20,17629,feed
['东风汽车'],2018-09-21,77739,feed
['东风汽车'],2018-09-22,107542,feed
['东风汽车'],2018-09-23,41002,feed
['东风汽车'],2018-09-24,35334,feed
['东风汽车'],2018-09-25,55402,feed
['东风汽车'],2018-09-26,112762,feed
['东风汽车'],2018-09-27,77637,feed
['东风汽车'],2018-09-28,39984,feed
['东风汽车'],2018-09-29,48147,feed
['东风汽车'],2018-09-30,28247,feed
['东风汽车'],2018-10-01,26152,feed
['东风汽车'],2018-10-02,18322,feed
['东风汽车'],2018-10-03,19027,feed
['东风汽车'],2018-10-04,18309,feed
['东风汽车'],2018-10-05,18964,feed
['东风汽车'],2018-10-06,15392,feed
['东风汽车'],2018-10-07,9369,feed
['东风汽车'],2018-10-08,4394,feed
['东风汽车'],2018-10-09,6437,feed
['东风汽车'],2018-10-10,3269,feed
['东风汽车'],2018-10-11,35404,feed
['东风汽车'],2018-10-12,32517,feed
['东风汽车'],2018-10-13,130329,feed
['东风汽车'],2018-10-14,103682,feed
['东风汽车'],2018-10-15,127312,feed
['东风汽车'],2018-10-16,96839,feed
['东风汽车'],2018-10-17,68007,feed
['东风汽车'],2018-10-18,122279,feed
['东风汽车'],2018-10-19,72929,feed
['东风汽车'],2018-10-20,55097,feed
['东风汽车'],2018-10-21,51692,feed
['东风汽车'],2018-10-22,39472,feed
['东风汽车'],2018-10-23,180062,feed
['东风汽车'],2018-10-24,205632,feed
['东风汽车'],2018-10-25,111864,feed
['东风汽车'],2018-10-26,54529,feed
['东风汽车'],2018-10-27,41212,feed
['东风汽车'],2018-10-28,28082,feed
['东风汽车'],2018-10-29,43719,feed
['东风汽车'],2018-10-30,43419,feed
['东风汽车'],2018-10-31,20769,feed
['东风汽车'],2018-11-01,51962,feed
['东风汽车'],2018-11-02,39897,feed
['东风汽车'],2018-11-03,34489,feed
['东风汽车'],2018-11-04,59464,feed
['东风汽车'],2018-11-05,83072,feed
['东风汽车'],2018-11-06,110059,feed
['东风汽车'],2018-11-07,43877,feed
['东风汽车'],2018-11-08,45084,feed
['东风汽车'],2018-11-09,61997,feed
['东风汽车'],2018-11-10,309586,feed
['东风汽车'],2018-11-11,132692,feed
['东风汽车'],2018-11-12,147799,feed
['东风汽车'],2018-11-13,169182,feed
['东风汽车'],2018-11-14,171922,feed
['东风汽车'],2018-11-15,79972,feed
['东风汽车'],2018-11-16,20309,feed
['东风汽车'],2018-11-17,11332,feed
['东风汽车'],2018-11-18,12809,feed
['东风汽车'],2018-11-19,133094,feed
['东风汽车'],2018-11-20,58642,feed
['东风汽车'],2018-11-21,35912,feed
['东风汽车'],2018-11-22,17804,feed
['东风汽车'],2018-11-23,47357,feed
['东风汽车'],2018-11-24,113052,feed
['东风汽车'],2018-11-25,60247,feed
['东风汽车'],2018-11-26,41817,feed
['东风汽车'],2018-11-27,34994,feed
['东风汽车'],2018-11-28,29537,feed
['东风汽车'],2018-11-29,48964,feed
['东风汽车'],2018-11-30,81574,feed
['东风汽车'],2018-12-01,54864,feed
['东风汽车'],2018-12-02,46164,feed
['东风汽车'],2018-12-03,45782,feed
['东风汽车'],2018-12-04,23552,feed
['东风汽车'],2018-12-05,16534,feed
['东风汽车'],2018-12-06,67862,feed
['东风汽车'],2018-12-07,42457,feed
['东风汽车'],2018-12-08,131907,feed
['东风汽车'],2018-12-09,119577,feed
['东风汽车'],2018-12-10,64519,feed
['东风汽车'],2018-12-11,54399,feed
['东风汽车'],2018-12-12,49362,feed
['东风汽车'],2018-12-13,211562,feed
['东风汽车'],2018-12-14,186197,feed
['东风汽车'],2018-12-15,163229,feed
['东风汽车'],2018-12-16,151437,feed
['东风汽车'],2018-12-17,80509,feed
['东风汽车'],2018-12-18,128897,feed
['东风汽车'],2018-12-19,130592,feed
['东风汽车'],2018-12-20,122544,feed
['东风汽车'],2018-12-21,73542,feed
['东风汽车'],2018-12-22,25052,feed
['东风汽车'],2018-12-23,41642,feed
['东风汽车'],2018-12-24,14034,feed
['东风汽车'],2018-12-25,57337,feed
['东风汽车'],2018-12-26,33452,feed
['东风汽车'],2018-12-27,21397,feed
['东风汽车'],2018-12-28,25264,feed
['东风汽车'],2018-12-29,115912,feed
['东风汽车'],2018-12-30,28794,feed
['东风汽车'],2018-12-31,24684,feed
['东风汽车'],2019-01-01,20612,feed
['东风汽车'],2019-01-02,17347,feed
['东风汽车'],2019-01-03,27307,feed
['东风汽车'],2019-01-04,25989,feed
['东风汽车'],2019-01-05,14772,feed
['东风汽车'],2019-01-06,23399,feed
['东风汽车'],2019-01-07,10779,feed
['东风汽车'],2019-01-08,19614,feed
['东风汽车'],2019-01-09,21332,feed
['东风汽车'],2019-01-10,7647,feed
['东风汽车'],2019-01-11,20227,feed
['东风汽车'],2019-01-12,15207,feed
['东风汽车'],2019-01-13,12699,feed
['东风汽车'],2019-01-14,17344,feed
['东风汽车'],2019-01-15,64314,feed
['东风汽车'],2019-01-16,33707,feed
['东风汽车'],2019-01-17,34172,feed
['东风汽车'],2019-01-18,297391,feed
['东风汽车'],2019-01-19,280886,feed
['东风汽车'],2019-01-20,168377,feed
['东风汽车'],2019-01-21,60499,feed
['东风汽车'],2019-01-22,61882,feed
['东风汽车'],2019-01-23,131499,feed
['东风汽车'],2019-01-24,38444,feed
['东风汽车'],2019-01-25,30159,feed
['东风汽车'],2019-01-26,37107,feed
['东风汽车'],2019-01-27,29087,feed
['东风汽车'],2019-01-28,24382,feed
['东风汽车'],2019-01-29,13612,feed
['东风汽车'],2019-01-30,7519,feed
['东风汽车'],2019-01-31,12162,feed
['东风汽车'],2019-02-01,7917,feed
['东风汽车'],2019-02-02,8977,feed
['东风汽车'],2019-02-03,10002,feed
['东风汽车'],2019-02-04,2627,feed
['东风汽车'],2019-02-05,2769,feed
['东风汽车'],2019-02-06,1679,feed
['东风汽车'],2019-02-07,1099,feed
['东风汽车'],2019-02-08,947,feed
['东风汽车'],2019-02-09,1769,feed
['东风汽车'],2019-02-10,2912,feed
['东风汽车'],2019-02-11,31787,feed
['东风汽车'],2019-02-12,14654,feed
['东风汽车'],2019-02-13,31414,feed
['东风汽车'],2019-02-14,28012,feed
['东风汽车'],2019-02-15,35599,feed
['东风汽车'],2019-02-16,19144,feed
['东风汽车'],2019-02-17,8419,feed
['东风汽车'],2019-02-18,44344,feed
['东风汽车'],2019-02-19,6304,feed
['东风汽车'],2019-02-20,1974,feed
['东风汽车'],2019-02-21,10447,feed
['东风汽车'],2019-02-22,4092,feed
['东风汽车'],2019-02-23,3359,feed
['东风汽车'],2019-02-24,3327,feed
['东风汽车'],2019-02-25,10229,feed
['东风汽车'],2019-02-26,5722,feed
['东风汽车'],2019-02-27,5484,feed
['东风汽车'],2019-02-28,4132,feed
['东风汽车'],2019-03-01,6877,feed
['东风汽车'],2019-03-02,6592,feed
['东风汽车'],2019-03-03,6932,feed
['东风汽车'],2019-03-04,10697,feed
['东风汽车'],2019-03-05,42107,feed
['东风汽车'],2019-03-06,92377,feed
['东风汽车'],2019-03-07,181967,feed
['东风汽车'],2019-03-08,344181,feed
['东风汽车'],2019-03-09,1051436,feed
['东风汽车'],2019-03-10,416370,feed
['东风汽车'],2019-03-11,267569,feed
['东风汽车'],2019-03-12,85977,feed
['东风汽车'],2019-03-13,74992,feed
['东风汽车'],2019-03-14,70967,feed
['东风汽车'],2019-03-15,46642,feed
['东风汽车'],2019-03-16,50419,feed
['东风汽车'],2019-03-17,26524,feed
['东风汽车'],2019-03-18,39754,feed
['东风汽车'],2019-03-19,98414,feed
['东风汽车'],2019-03-20,37984,feed
['东风汽车'],2019-03-21,50349,feed
['东风汽车'],2019-03-22,143167,feed
['东风汽车'],2019-03-23,117217,feed
['东风汽车'],2019-03-24,47264,feed
['东风汽车'],2019-03-25,19542,feed
['东风汽车'],2019-03-26,8794,feed
['东风汽车'],2019-03-27,11062,feed
['东风汽车'],2019-03-28,6144,feed
['东风汽车'],2019-03-29,6034,feed
['东风汽车'],2019-03-30,20307,feed
['东风汽车'],2019-03-31,10187,feed
['东风汽车'],2019-04-01,37477,feed
['东风汽车'],2019-04-02,21664,feed
['东风汽车'],2019-04-03,37304,feed
['东风汽车'],2019-04-04,46257,feed
['东风汽车'],2019-04-05,73749,feed
['东风汽车'],2019-04-06,82472,feed
['东风汽车'],2019-04-07,41572,feed
['东风汽车'],2019-04-08,14332,feed
['东风汽车'],2019-04-09,15312,feed
['东风汽车'],2019-04-10,25169,feed
['东风汽车'],2019-04-11,81819,feed
['东风汽车'],2019-04-12,206049,feed
['东风汽车'],2019-04-13,101084,feed
['东风汽车'],2019-04-14,39572,feed
['东风汽车'],2019-04-15,78617,feed
['东风汽车'],2019-04-16,91704,feed
['东风汽车'],2019-04-17,250597,feed
['东风汽车'],2019-04-18,741759,feed
['东风汽车'],2019-04-19,40027,feed
['东风汽车'],2019-04-20,65707,feed
['东风汽车'],2019-04-21,33149,feed
['东风汽车'],2019-04-22,83104,feed
['东风汽车'],2019-04-23,70104,feed
['东风汽车'],2019-04-24,170972,feed
['东风汽车'],2019-04-25,54287,feed
['东风汽车'],2019-04-26,43057,feed
['东风汽车'],2019-04-27,19439,feed
['东风汽车'],2019-04-28,34917,feed
['东风汽车'],2019-04-29,38007,feed
['东风汽车'],2019-04-30,27094,feed
['东风汽车'],2019-05-01,11999,feed
['东风汽车'],2019-05-02,8062,feed
['东风汽车'],2019-05-03,144687,feed
['东风汽车'],2019-05-04,220364,feed
['东风汽车'],2019-05-05,107952,feed
['东风汽车'],2019-05-06,68639,feed
['东风汽车'],2019-05-07,156849,feed
['东风汽车'],2019-05-08,119304,feed
['东风汽车'],2019-05-09,148894,feed
['东风汽车'],2019-05-10,83899,feed
['东风汽车'],2019-05-11,57682,feed
['东风汽车'],2019-05-12,56302,feed
['东风汽车'],2019-05-13,39472,feed
['东风汽车'],2019-05-14,154934,feed
['东风汽车'],2019-05-15,104272,feed
['东风汽车'],2019-05-16,80777,feed
['东风汽车'],2019-05-17,35794,feed
['东风汽车'],2019-05-18,20999,feed
['东风汽车'],2019-05-19,22637,feed
['东风汽车'],2019-05-20,46364,feed
['东风汽车'],2019-05-21,23704,feed
['东风汽车'],2019-05-22,26044,feed
['东风汽车'],2019-05-23,18119,feed
['东风汽车'],2019-05-24,25502,feed
['东风汽车'],2019-05-25,27119,feed
['东风汽车'],2019-05-26,32964,feed
['东风汽车'],2019-05-27,24859,feed
['东风汽车'],2019-05-28,41124,feed
['东风汽车'],2019-05-29,26519,feed
['东风汽车'],2019-05-30,29652,feed
['东风汽车'],2019-05-31,26927,feed
['东风汽车'],2019-06-01,23564,feed
['东风汽车'],2019-06-02,23604,feed
['东风汽车'],2019-06-03,22489,feed
['东风汽车'],2019-06-04,16637,feed
['东风汽车'],2019-06-05,26529,feed
['东风汽车'],2019-06-06,103004,feed
['东风汽车'],2019-06-07,59242,feed
['东风汽车'],2019-06-08,48399,feed
['东风汽车'],2019-06-09,52799,feed
['东风汽车'],2019-06-10,72527,feed
['东风汽车'],2019-06-11,78952,feed
['东风汽车'],2019-06-12,36467,feed
['东风汽车'],2019-06-13,30779,feed
['东风汽车'],2019-06-14,43297,feed
['东风汽车'],2019-06-15,36694,feed
['东风汽车'],2019-06-16,33957,feed
['东风汽车'],2019-06-17,33617,feed
['东风汽车'],2019-06-18,53684,feed
['东风汽车'],2019-06-19,42449,feed
['东风汽车'],2019-06-20,54344,feed
['东风汽车'],2019-06-21,32427,feed
['东风汽车'],2019-06-22,46102,feed
['东风汽车'],2019-06-23,78204,feed
['东风汽车'],2019-06-24,36349,feed
['东风汽车'],2019-06-25,47392,feed
['东风汽车'],2019-06-26,20142,feed
['东风汽车'],2019-06-27,26704,feed
['东风汽车'],2019-06-28,37454,feed
['东风汽车'],2019-06-29,63694,feed
['东风汽车'],2019-06-30,39417,feed
['东风汽车'],2019-07-01,85844,feed
['东风汽车'],2019-07-02,64074,feed
['东风汽车'],2019-07-03,44642,feed
['东风汽车'],2019-07-04,18737,feed
['东风汽车'],2019-07-05,17144,feed
['东风汽车'],2019-07-06,8492,feed
['东风汽车'],2019-07-07,9819,feed
['东风汽车'],2019-07-08,22987,feed
['东风汽车'],2019-07-09,42134,feed
['东风汽车'],2019-07-10,46874,feed
['东风汽车'],2019-07-11,39662,feed
['东风汽车'],2019-07-12,53824,feed
['东风汽车'],2019-07-13,28714,feed
['东风汽车'],2019-07-14,16292,feed
['东风汽车'],2019-07-15,48577,feed
['东风汽车'],2019-07-16,45119,feed
['东风汽车'],2019-07-17,19432,feed
['东风汽车'],2019-07-18,22059,feed
['东风汽车'],2019-07-19,45404,feed
['东风汽车'],2019-07-20,40304,feed
['东风汽车'],2019-07-21,73862,feed
['东风汽车'],2019-07-22,176942,feed
['东风汽车'],2019-07-23,91424,feed
['东风汽车'],2019-07-24,68274,feed
['东风汽车'],2019-07-25,196282,feed
['东风汽车'],2019-07-26,265919,feed
['东风汽车'],2019-07-27,319437,feed
['东风汽车'],2019-07-28,47879,feed
['东风汽车'],2019-07-29,65134,feed
['东风汽车'],2019-07-30,165102,feed
['东风汽车'],2019-07-31,78629,feed
['东风汽车'],2019-08-01,327959,feed
['东风汽车'],2019-08-02,122847,feed
['东风汽车'],2019-08-03,127772,feed
['东风汽车'],2019-08-04,89737,feed
['东风汽车'],2019-08-05,111689,feed
['东风汽车'],2019-08-06,187384,feed
['东风汽车'],2019-08-07,176289,feed
['东风汽车'],2019-08-08,172487,feed
['东风汽车'],2019-08-09,143642,feed
['东风汽车'],2019-08-10,124078,feed
['东风汽车'],2019-08-11,267457,feed
['东风汽车'],2019-08-12,228522,feed
['东风汽车'],2019-08-13,297047,feed
['东风汽车'],2019-08-14,290204,feed
['东风汽车'],2019-08-15,177514,feed
['东风汽车'],2019-08-16,77849,feed
['东风汽车'],2019-08-17,65239,feed
['东风汽车'],2019-08-18,66242,feed
['东风汽车'],2019-08-19,72994,feed
['东风汽车'],2019-08-20,78688,feed
['东风汽车'],2019-08-21,77022,feed
['东风汽车'],2019-08-22,46332,feed
['东风汽车'],2019-08-23,49269,feed
['东风汽车'],2019-08-24,27052,feed
['东风汽车'],2019-08-25,15054,feed
['东风汽车'],2019-08-26,9932,feed
['东风汽车'],2019-08-27,15134,feed
['东风汽车'],2019-08-28,30162,feed
['东风汽车'],2019-08-29,28114,feed
['东风汽车'],2019-08-30,8987,feed
['东风汽车'],2019-08-31,6082,feed
['东风汽车'],2019-09-01,13819,feed
['东风汽车'],2019-09-02,28467,feed
['东风汽车'],2019-09-03,73819,feed
['东风汽车'],2019-09-04,90297,feed
['东风汽车'],2019-09-05,46784,feed
['东风汽车'],2019-09-06,67647,feed
['东风汽车'],2019-09-07,101697,feed
['东风汽车'],2019-09-08,70617,feed
['东风汽车'],2019-09-09,71747,feed
['东风汽车'],2019-09-10,135799,feed
['东风汽车'],2019-09-11,58842,feed
['东风汽车'],2019-09-12,81639,feed
['东风汽车'],2019-09-13,58509,feed
['东风汽车'],2019-09-14,26857,feed
['东风汽车'],2019-09-15,58402,feed
['东风汽车'],2019-09-16,76369,feed
['东风汽车'],2019-09-17,320009,feed
['东风汽车'],2019-09-18,162267,feed
['东风汽车'],2019-09-19,214134,feed
['东风汽车'],2019-09-20,262937,feed
['东风汽车'],2019-09-21,167557,feed
['东风汽车'],2019-09-22,152298,feed
['东风汽车'],2019-09-23,227982,feed
['东风汽车'],2019-09-24,165712,feed
['东风汽车'],2019-09-25,130454,feed
['东风汽车'],2019-09-26,127849,feed
['东风汽车'],2019-09-27,118937,feed
['东风汽车'],2019-09-28,190074,feed
['东风汽车'],2019-09-29,190029,feed
['东风汽车'],2019-09-30,118702,feed
['东风汽车'],2019-10-01,93989,feed
['东风汽车'],2019-10-02,185702,feed
['东风汽车'],2019-10-03,321362,feed
['东风汽车'],2019-10-04,224759,feed
['东风汽车'],2019-10-05,132672,feed
['东风汽车'],2019-10-06,177102,feed
['东风汽车'],2019-10-07,82532,feed
['东风汽车'],2019-10-08,93842,feed
['东风汽车'],2019-10-09,108264,feed
['东风汽车'],2019-10-10,83674,feed
['东风汽车'],2019-10-11,92027,feed
['东风汽车'],2019-10-12,75237,feed
['东风汽车'],2019-10-13,47427,feed
['东风汽车'],2019-10-14,35949,feed
['东风汽车'],2019-10-15,66482,feed
['东风汽车'],2019-10-16,87517,feed
['东风汽车'],2019-10-17,36314,feed
['东风汽车'],2019-10-18,54044,feed
['东风汽车'],2019-10-19,142987,feed
['东风汽车'],2019-10-20,106632,feed
['东风汽车'],2019-10-21,82662,feed
['东风汽车'],2019-10-22,150328,feed
['东风汽车'],2019-10-23,48019,feed
['东风汽车'],2019-10-24,31344,feed
['东风汽车'],2019-10-25,19417,feed
['东风汽车'],2019-10-26,13624,feed
['东风汽车'],2019-10-27,36382,feed
['东风汽车'],2019-10-28,74967,feed
['东风汽车'],2019-10-29,84757,feed
['东风汽车'],2019-10-30,45279,feed
['东风汽车'],2019-10-31,74538,feed
['东风汽车'],2019-11-01,47092,feed
['东风汽车'],2019-11-02,26934,feed
['东风汽车'],2019-11-03,41274,feed
['东风汽车'],2019-11-04,235792,feed
['东风汽车'],2019-11-05,150137,feed
['东风汽车'],2019-11-06,120332,feed
['东风汽车'],2019-11-07,41339,feed
['东风汽车'],2019-11-08,23852,feed
['东风汽车'],2019-11-09,15737,feed
['东风汽车'],2019-11-10,23527,feed
['东风汽车'],2019-11-11,36547,feed
['东风汽车'],2019-11-12,42557,feed
['东风汽车'],2019-11-13,21762,feed
['东风汽车'],2019-11-14,45519,feed
['东风汽车'],2019-11-15,238214,feed
['东风汽车'],2019-11-16,89938,feed
['东风汽车'],2019-11-17,30564,feed
['东风汽车'],2019-11-18,28237,feed
['东风汽车'],2019-11-19,12792,feed
['东风汽车'],2019-11-20,285307,feed
['东风汽车'],2019-11-21,16562,feed
['东风汽车'],2019-11-22,30152,feed
['东风汽车'],2019-11-23,22269,feed
['东风汽车'],2019-11-24,6584,feed
['东风汽车'],2019-11-25,75609,feed
['东风汽车'],2019-11-26,49532,feed
['东风汽车'],2019-11-27,28559,feed
['东风汽车'],2019-11-28,26582,feed
['东风汽车'],2019-11-29,25884,feed
['东风汽车'],2019-11-30,22079,feed
['东风汽车'],2019-12-01,22119,feed
['东风汽车'],2019-12-02,16329,feed
['东风汽车'],2019-12-03,36634,feed
['东风汽车'],2019-12-04,25522,feed
['东风汽车'],2019-12-05,23449,feed
['东风汽车'],2019-12-06,39317,feed
['东风汽车'],2019-12-07,43179,feed
['东风汽车'],2019-12-08,51032,feed
['东风汽车'],2019-12-09,61297,feed
['东风汽车'],2019-12-10,36874,feed
['东风汽车'],2019-12-11,24184,feed
['东风汽车'],2019-12-12,20504,feed
['东风汽车'],2019-12-13,12732,feed
['东风汽车'],2019-12-14,9579,feed
['东风汽车'],2019-12-15,11787,feed
['东风汽车'],2019-12-16,148097,feed
['东风汽车'],2019-12-17,130097,feed
['东风汽车'],2019-12-18,182667,feed
['东风汽车'],2019-12-19,87134,feed
['东风汽车'],2019-12-20,37252,feed
['东风汽车'],2019-12-21,35974,feed
['东风汽车'],2019-12-22,25304,feed
['东风汽车'],2019-12-23,25577,feed
['东风汽车'],2019-12-24,121177,feed
['东风汽车'],2019-12-25,73784,feed
['东风汽车'],2019-12-26,33169,feed
['东风汽车'],2019-12-27,84082,feed
['东风汽车'],2019-12-28,110577,feed
['东风汽车'],2019-12-29,198644,feed
['东风汽车'],2019-12-30,79337,feed
['东风汽车'],2019-12-31,91968,feed
['东风汽车'],2020-01-01,45047,feed
['东风汽车'],2020-01-02,32457,feed
['东风汽车'],2020-01-03,26339,feed
['东风汽车'],2020-01-04,35989,feed
['东风汽车'],2020-01-05,38018,feed
['东风汽车'],2020-01-06,11682,feed
['东风汽车'],2020-01-07,43824,feed
['东风汽车'],2020-01-08,14674,feed
['东风汽车'],2020-01-09,9519,feed
['东风汽车'],2020-01-10,16479,feed
['东风汽车'],2020-01-11,21992,feed
['东风汽车'],2020-01-12,19754,feed
['东风汽车'],2020-01-13,9897,feed
['东风汽车'],2020-01-14,16172,feed
['东风汽车'],2020-01-15,39189,feed
['东风汽车'],2020-01-16,20349,feed
['东风汽车'],2020-01-17,14514,feed
['东风汽车'],2020-01-18,25618,feed
['东风汽车'],2020-01-19,14582,feed
['东风汽车'],2020-01-20,6789,feed
['东风汽车'],2020-01-21,8777,feed
['东风汽车'],2020-01-22,20719,feed
['东风汽车'],2020-01-23,9732,feed
['东风汽车'],2020-01-24,4917,feed
['东风汽车'],2020-01-25,5972,feed
['东风汽车'],2020-01-26,10177,feed
['东风汽车'],2020-01-27,157427,feed
['东风汽车'],2020-01-28,302037,feed
['东风汽车'],2020-01-29,73197,feed
['东风汽车'],2020-01-30,51874,feed
['东风汽车'],2020-01-31,104764,feed
['东风汽车'],2020-02-01,40859,feed
['东风汽车'],2020-02-02,52992,feed
['东风汽车'],2020-02-03,128678,feed
['东风汽车'],2020-02-04,176274,feed
['东风汽车'],2020-02-05,46482,feed
['东风汽车'],2020-02-06,92168,feed
['东风汽车'],2020-02-07,134757,feed
['东风汽车'],2020-02-08,128642,feed
['东风汽车'],2020-02-09,29457,feed
['东风汽车'],2020-02-10,28489,feed
['东风汽车'],2020-02-11,54138,feed
['东风汽车'],2020-02-12,171234,feed
['东风汽车'],2020-02-13,62128,feed
['东风汽车'],2020-02-14,38954,feed
['东风汽车'],2020-02-15,10207,feed
['东风汽车'],2020-02-16,30717,feed
['东风汽车'],2020-02-17,44889,feed
['东风汽车'],2020-02-18,78787,feed
['东风汽车'],2020-02-19,45308,feed
['东风汽车'],2020-02-20,16889,feed
['东风汽车'],2020-02-21,35997,feed
['东风汽车'],2020-02-22,40532,feed
['东风汽车'],2020-02-23,27292,feed
['东风汽车'],2020-02-24,16527,feed
['东风汽车'],2020-02-25,75547,feed
['东风汽车'],2020-02-26,50272,feed
['东风汽车'],2020-02-27,31012,feed
['东风汽车'],2020-02-28,32169,feed
['东风汽车'],2020-02-29,27489,feed
['东风汽车'],2020-03-01,29367,feed
['东风汽车'],2020-03-02,22167,feed
['东风汽车'],2020-03-03,366902,feed
['东风汽车'],2020-03-04,13064,feed
['东风汽车'],2020-03-05,196034,feed
['东风汽车'],2020-03-06,313182,feed
['东风汽车'],2020-03-07,34507,feed
['东风汽车'],2020-03-08,6907,feed
['东风汽车'],2020-03-09,417,feed
['东风汽车'],2020-03-10,13587,feed
['东风汽车'],2020-03-11,25667,feed
['东风汽车'],2020-03-12,54672,feed
['东风汽车'],2020-03-13,135712,feed
['东风汽车'],2020-03-14,77807,feed
['东风汽车'],2020-03-15,78588,feed
['东风汽车'],2020-03-16,25709,feed
['东风汽车'],2020-03-17,36567,feed
['东风汽车'],2020-03-18,56694,feed
['东风汽车'],2020-03-19,34637,feed
['东风汽车'],2020-03-20,16764,feed
['东风汽车'],2020-03-21,13877,feed
['东风汽车'],2020-03-22,7474,feed
['东风汽车'],2020-03-23,8709,feed
['东风汽车'],2020-03-24,293314,feed
['东风汽车'],2020-03-25,86379,feed
['东风汽车'],2020-03-26,72032,feed
['东风汽车'],2020-03-27,118652,feed
['东风汽车'],2020-03-28,87229,feed
['东风汽车'],2020-03-29,56477,feed
['东风汽车'],2020-03-30,31437,feed
['东风汽车'],2020-03-31,20979,feed
['东风汽车'],2020-04-01,35894,feed
['东风汽车'],2020-04-02,32252,feed
['东风汽车'],2020-04-03,23799,feed
['东风汽车'],2020-04-04,17654,feed
['东风汽车'],2020-04-05,13962,feed
['东风汽车'],2020-04-06,6049,feed
['东风汽车'],2020-04-07,10832,feed
['东风汽车'],2020-04-08,13394,feed
['东风汽车'],2020-04-09,9662,feed
['东风汽车'],2020-04-10,24667,feed
['东风汽车'],2020-04-11,230324,feed
['东风汽车'],2020-04-12,28482,feed
['东风汽车'],2020-04-13,23797,feed
['东风汽车'],2020-04-14,172279,feed
['东风汽车'],2020-04-15,429832,feed
['东风汽车'],2020-04-16,205754,feed
['东风汽车'],2020-04-17,118399,feed
['东风汽车'],2020-04-18,33359,feed
['东风汽车'],2020-04-19,30969,feed
['东风汽车'],2020-04-20,29972,feed
['东风汽车'],2020-04-21,34522,feed
['东风汽车'],2020-04-22,18307,feed
['东风汽车'],2020-04-23,743208,feed
['东风汽车'],2020-04-24,410167,feed
['东风汽车'],2020-04-25,85937,feed
['东风汽车'],2020-04-26,117937,feed
['东风汽车'],2020-04-27,112689,feed
['东风汽车'],2020-04-28,36534,feed
['东风汽车'],2020-04-29,54817,feed
['东风汽车'],2020-04-30,56594,feed
['东风汽车'],2020-05-01,205892,feed
['东风汽车'],2020-05-02,41284,feed
['东风汽车'],2020-05-03,8742,feed
['东风汽车'],2020-05-04,12349,feed
['东风汽车'],2020-05-05,114299,feed
['东风汽车'],2020-05-06,320267,feed
['东风汽车'],2020-05-07,35859,feed
['东风汽车'],2020-05-08,40377,feed
['东风汽车'],2020-05-09,24769,feed
['东风汽车'],2020-05-10,11399,feed
['东风汽车'],2020-05-11,10337,feed
['东风汽车'],2020-05-12,56837,feed
['东风汽车'],2020-05-13,30237,feed
['东风汽车'],2020-05-14,35577,feed
['东风汽车'],2020-05-15,29979,feed
['东风汽车'],2020-05-16,152067,feed
['东风汽车'],2020-05-17,39312,feed
['东风汽车'],2020-05-18,37554,feed
['东风汽车'],2020-05-19,26639,feed
['东风汽车'],2020-05-20,41524,feed
['东风汽车'],2020-05-21,24774,feed
['东风汽车'],2020-05-22,26092,feed
['东风汽车'],2020-05-23,11939,feed
['东风汽车'],2020-05-24,78477,feed
['东风汽车'],2020-05-25,338399,feed
['东风汽车'],2020-05-26,42167,feed
['东风汽车'],2020-05-27,62119,feed
['东风汽车'],2020-05-28,46777,feed
['东风汽车'],2020-05-29,16607,feed
['东风汽车'],2020-05-30,16934,feed
['东风汽车'],2020-05-31,21299,feed
['东风汽车'],2020-06-01,15582,feed
['东风汽车'],2020-06-02,10377,feed
['东风汽车'],2020-06-03,10239,feed
['东风汽车'],2020-06-04,87417,feed
['东风汽车'],2020-06-05,63267,feed
['东风汽车'],2020-06-06,47572,feed
['东风汽车'],2020-06-07,50334,feed
['东风汽车'],2020-06-08,20749,feed
['东风汽车'],2020-06-09,15394,feed
['东风汽车'],2020-06-10,15164,feed
['东风汽车'],2020-06-11,15662,feed
['东风汽车'],2020-06-12,17234,feed
['东风汽车'],2020-06-13,194839,feed
['东风汽车'],2020-06-14,32594,feed
['东风汽车'],2020-06-15,109822,feed
['东风汽车'],2020-06-16,16578,feed
['东风汽车'],2020-06-17,19584,feed
['东风汽车'],2020-06-18,43532,feed
['东风汽车'],2020-06-19,88517,feed
['东风汽车'],2020-06-20,258802,feed
['东风汽车'],2020-06-21,274567,feed
['东风汽车'],2020-06-22,149437,feed
['东风汽车'],2020-06-23,69437,feed
['东风汽车'],2020-06-24,26787,feed
['东风汽车'],2020-06-25,14387,feed
['东风汽车'],2020-06-26,104499,feed
['东风汽车'],2020-06-27,23172,feed
['东风汽车'],2020-06-28,13459,feed
['东风汽车'],2020-06-29,268618,feed
['东风汽车'],2020-06-30,78819,feed
['东风汽车'],2020-07-01,9727,feed
['东风汽车'],2020-07-02,17224,feed
['东风汽车'],2020-07-03,23072,feed
['东风汽车'],2020-07-04,48262,feed
['东风汽车'],2020-07-05,42522,feed
['东风汽车'],2020-07-06,23232,feed
['东风汽车'],2020-07-07,33128,feed
['东风汽车'],2020-07-08,51517,feed
['东风汽车'],2020-07-09,69778,feed
['东风汽车'],2020-07-10,26248,feed
['东风汽车'],2020-07-11,51174,feed
['东风汽车'],2020-07-12,79279,feed
['东风汽车'],2020-07-13,70258,feed
['东风汽车'],2020-07-14,47154,feed
['东风汽车'],2020-07-15,9480,feed
['东风汽车'],2020-07-16,5117,feed
['东风汽车'],2020-07-17,10399,feed
['东风汽车'],2020-07-18,246722,feed
['东风汽车'],2020-07-19,55457,feed
['东风汽车'],2020-07-20,20799,feed
['东风汽车'],2020-07-21,36439,feed
['东风汽车'],2020-07-22,28942,feed
['东风汽车'],2020-07-23,24252,feed
['东风汽车'],2020-07-24,8114,feed
['东风汽车'],2020-07-25,8137,feed
['东风汽车'],2020-07-26,18572,feed
['东风汽车'],2020-07-27,15744,feed
['东风汽车'],2020-07-28,108509,feed
['东风汽车'],2020-07-29,42817,feed
['东风汽车'],2020-07-30,41127,feed
['东风汽车'],2020-07-31,365762,feed
['东风汽车'],2020-08-01,176787,feed
['东风汽车'],2020-08-02,239994,feed
['东风汽车'],2020-08-03,25687,feed
['东风汽车'],2020-08-04,68614,feed
['东风汽车'],2020-08-05,30772,feed
['东风汽车'],2020-08-06,39969,feed
['东风汽车'],2020-08-07,76839,feed
['东风汽车'],2020-08-08,104344,feed
['东风汽车'],2020-08-09,413157,feed
['东风汽车'],2020-08-10,73862,feed
['东风汽车'],2020-08-11,34757,feed
['东风汽车'],2020-08-12,67942,feed
['东风汽车'],2020-08-13,36464,feed
['东风汽车'],2020-08-14,28719,feed
['东风汽车'],2020-08-15,68699,feed
['东风汽车'],2020-08-16,47982,feed
['东风汽车'],2020-08-17,40534,feed
['东风汽车'],2020-08-18,54394,feed
['东风汽车'],2020-08-19,32449,feed
['东风汽车'],2020-08-20,68717,feed
['东风汽车'],2020-08-21,60149,feed
['东风汽车'],2020-08-22,45424,feed
['东风汽车'],2020-08-23,12897,feed
['东风汽车'],2020-08-24,10524,feed
['东风汽车'],2020-08-25,7279,feed
['东风汽车'],2020-08-26,15382,feed
['东风汽车'],2020-08-27,2872,feed
['东风汽车'],2020-08-28,6572,feed
['东风汽车'],2020-08-29,7237,feed
['东风汽车'],2020-08-30,5094,feed
['东风汽车'],2020-08-31,18779,feed
['东风汽车'],2020-09-01,113459,feed
['东风汽车'],2020-09-02,212104,feed
['东风汽车'],2020-09-03,448249,feed
['东风汽车'],2020-09-04,188352,feed
['东风汽车'],2020-09-05,79939,feed
['东风汽车'],2020-09-06,61752,feed
['东风汽车'],2020-09-07,52204,feed
['东风汽车'],2020-09-08,87762,feed
['东风汽车'],2020-09-09,65192,feed
['东风汽车'],2020-09-10,57217,feed
['东风汽车'],2020-09-11,47962,feed
['东风汽车'],2020-09-12,115567,feed
['东风汽车'],2020-09-13,79849,feed
['东风汽车'],2020-09-14,45974,feed
['东风汽车'],2020-09-15,24602,feed
['东风汽车'],2020-09-16,76757,feed
['东风汽车'],2020-09-17,133822,feed
['东风汽车'],2020-09-18,89327,feed
['东风汽车'],2020-09-19,73619,feed
['东风汽车'],2020-09-20,391462,feed
['东风汽车'],2020-09-21,217052,feed
['东风汽车'],2020-09-22,70742,feed
['东风汽车'],2020-09-23,24612,feed
['东风汽车'],2020-09-24,29482,feed
['东风汽车'],2020-09-25,32822,feed
['东风汽车'],2020-09-26,25442,feed
['东风汽车'],2020-09-27,21427,feed
['东风汽车'],2020-09-28,13857,feed
['东风汽车'],2020-09-29,13347,feed
['东风汽车'],2020-09-30,18062,feed
['东风汽车'],2020-10-01,25324,feed
['东风汽车'],2020-10-02,10714,feed
['东风汽车'],2020-10-03,7667,feed
['东风汽车'],2020-10-04,6817,feed
['东风汽车'],2020-10-05,3560,feed
['东风汽车'],2020-10-06,3245,feed
['东风汽车'],2020-10-07,8724,feed
['东风汽车'],2020-10-08,5239,feed
['东风汽车'],2020-10-09,9437,feed
['东风汽车'],2020-10-10,83464,feed
['东风汽车'],2020-10-11,160792,feed
['东风汽车'],2020-10-12,74827,feed
['东风汽车'],2020-10-13,69539,feed
['东风汽车'],2020-10-14,73952,feed
['东风汽车'],2020-10-15,30259,feed
['东风汽车'],2020-10-16,32377,feed
['东风汽车'],2020-10-17,49277,feed
['东风汽车'],2020-10-18,100182,feed
['东风汽车'],2020-10-19,34442,feed
['东风汽车'],2020-10-20,44284,feed
['东风汽车'],2020-10-21,35612,feed
['东风汽车'],2020-10-22,48082,feed
['东风汽车'],2020-10-23,30192,feed
['东风汽车'],2020-10-24,73508,feed
['东风汽车'],2020-10-25,20989,feed
['东风汽车'],2020-10-26,14202,feed
['东风汽车'],2020-10-27,36339,feed
['东风汽车'],2020-10-28,360399,feed
['东风汽车'],2020-10-29,17474,feed
['东风汽车'],2020-10-30,23607,feed
['东风汽车'],2020-10-31,16982,feed
['东风汽车'],2020-11-01,13247,feed
['东风汽车'],2020-11-02,6077,feed
['东风汽车'],2020-11-03,8497,feed
['东风汽车'],2020-11-04,8674,feed
['东风汽车'],2020-11-05,15067,feed
['东风汽车'],2020-11-06,19099,feed
['东风汽车'],2020-11-07,8659,feed
['东风汽车'],2020-11-08,7352,feed
['东风汽车'],2020-11-09,5805,feed
['东风汽车'],2020-11-10,9102,feed
['东风汽车'],2020-11-11,6254,feed
['东风汽车'],2020-11-12,6072,feed
['东风汽车'],2020-11-13,14812,feed
['东风汽车'],2020-11-14,42117,feed
['东风汽车'],2020-11-15,49657,feed
['东风汽车'],2020-11-16,97394,feed
['东风汽车'],2020-11-17,49117,feed
['东风汽车'],2020-11-18,45704,feed
['东风汽车'],2020-11-19,52039,feed
['东风汽车'],2020-11-20,53572,feed
['东风汽车'],2020-11-21,73072,feed
['东风汽车'],2020-11-22,70994,feed
['东风汽车'],2020-11-23,64347,feed
['东风汽车'],2020-11-24,22117,feed
['东风汽车'],2020-11-25,15064,feed
['东风汽车'],2020-11-26,52997,feed
['东风汽车'],2020-11-27,61499,feed
['东风汽车'],2020-11-28,47369,feed
['东风汽车'],2020-11-29,36737,feed
['东风汽车'],2020-11-30,23109,feed
['东风汽车'],2020-12-01,15944,feed
['东风汽车'],2020-12-02,30878,feed
['东风汽车'],2020-12-03,18772,feed
['东风汽车'],2020-12-04,50319,feed
['东风汽车'],2020-12-05,75454,feed
['东风汽车'],2020-12-06,40212,feed
['东风汽车'],2020-12-07,27834,feed
['东风汽车'],2020-12-08,17504,feed
['东风汽车'],2020-12-09,10129,feed
['东风汽车'],2020-12-10,5309,feed
['东风汽车'],2020-12-11,11579,feed
['东风汽车'],2020-12-12,108992,feed
['东风汽车'],2020-12-13,37252,feed
['东风汽车'],2020-12-14,51687,feed
['东风汽车'],2020-12-15,189639,feed
['东风汽车'],2020-12-16,25282,feed
['东风汽车'],2020-12-17,54129,feed
['东风汽车'],2020-12-18,105124,feed
['东风汽车'],2020-12-19,193044,feed
['东风汽车'],2020-12-20,27804,feed
['东风汽车'],2020-12-21,76664,feed
['东风汽车'],2020-12-22,111647,feed
['东风汽车'],2020-12-23,42157,feed
['东风汽车'],2020-12-24,92242,feed
['东风汽车'],2020-12-25,20487,feed
['东风汽车'],2020-12-26,39942,feed
['东风汽车'],2020-12-27,23247,feed
['东风汽车'],2020-12-28,151152,feed
['东风汽车'],2020-12-29,257404,feed
['东风汽车'],2020-12-30,257277,feed
['东风汽车'],2020-12-31,137049,feed
['东风汽车'],2021-01-01,134674,feed
['东风汽车'],2021-01-02,45717,feed
['东风汽车'],2021-01-03,33132,feed
['东风汽车'],2021-01-04,27347,feed
['东风汽车'],2021-01-05,84727,feed
['东风汽车'],2021-01-06,30727,feed
['东风汽车'],2021-01-07,32499,feed
['东风汽车'],2021-01-08,16502,feed
['东风汽车'],2021-01-09,25182,feed
['东风汽车'],2021-01-10,32819,feed
['东风汽车'],2021-01-11,21237,feed
['东风汽车'],2021-01-12,16449,feed
['东风汽车'],2021-01-13,16827,feed
['东风汽车'],2021-01-14,8982,feed
['东风汽车'],2021-01-15,5814,feed
['东风汽车'],2021-01-16,5282,feed
['东风汽车'],2021-01-17,4959,feed
['东风汽车'],2021-01-18,4582,feed
['东风汽车'],2021-01-19,30729,feed
['东风汽车'],2021-01-20,97947,feed
['东风汽车'],2021-01-21,80817,feed
['东风汽车'],2021-01-22,84334,feed
['东风汽车'],2021-01-23,62874,feed
['东风汽车'],2021-01-24,35819,feed
['东风汽车'],2021-01-25,33927,feed
['东风汽车'],2021-01-26,100867,feed
['东风汽车'],2021-01-27,36534,feed
['东风汽车'],2021-01-28,30567,feed
['东风汽车'],2021-01-29,18544,feed
['东风汽车'],2021-01-30,14064,feed
['东风汽车'],2021-01-31,15062,feed
['东风汽车'],2021-02-01,39999,feed
['东风汽车'],2021-02-02,43944,feed
['东风汽车'],2021-02-03,31604,feed
['东风汽车'],2021-02-04,63944,feed
['东风汽车'],2021-02-05,31667,feed
['东风汽车'],2021-02-06,30837,feed
['东风汽车'],2021-02-07,14682,feed
['东风汽车'],2021-02-08,6899,feed
['东风汽车'],2021-02-09,8604,feed
['东风汽车'],2021-02-10,3572,feed
['东风汽车'],2021-02-11,6354,feed
['东风汽车'],2021-02-12,4092,feed
['东风汽车'],2021-02-13,4327,feed
['东风汽车'],2021-02-14,3984,feed
['东风汽车'],2021-02-15,2594,feed
['东风汽车'],2021-02-16,2502,feed
['东风汽车'],2021-02-17,8412,feed
['东风汽车'],2021-02-18,12707,feed
['东风汽车'],2021-02-19,15907,feed
['东风汽车'],2021-02-20,4967,feed
['东风汽车'],2021-02-21,4632,feed
['东风汽车'],2021-02-22,3007,feed
['东风汽车'],2021-02-23,20469,feed
['东风汽车'],2021-02-24,12799,feed
['东风汽车'],2021-02-25,200727,feed
['东风汽车'],2021-02-26,85894,feed
['东风汽车'],2021-02-27,44832,feed
['东风汽车'],2021-02-28,57429,feed
['东风汽车'],2021-03-01,274529,feed
['东风汽车'],2021-03-02,196839,feed
['东风汽车'],2021-03-03,92992,feed
['东风汽车'],2021-03-04,18794,feed
['东风汽车'],2021-03-05,21689,feed
['东风汽车'],2021-03-06,10974,feed
['东风汽车'],2021-03-07,9594,feed
['东风汽车'],2021-03-08,12394,feed
['东风汽车'],2021-03-09,85069,feed
['东风汽车'],2021-03-10,54192,feed
['东风汽车'],2021-03-11,68294,feed
['东风汽车'],2021-03-12,37899,feed
['东风汽车'],2021-03-13,18412,feed
['东风汽车'],2021-03-14,91664,feed
['东风汽车'],2021-03-15,5545,feed
['东风汽车'],2021-03-16,25634,feed
['东风汽车'],2021-03-17,20284,feed
['东风汽车'],2021-03-18,6824,feed
['东风汽车'],2021-03-19,4487,feed
['东风汽车'],2021-03-20,4749,feed
['东风汽车'],2021-03-21,4539,feed
['东风汽车'],2021-03-22,12184,feed
['东风汽车'],2021-03-23,15424,feed
['东风汽车'],2021-03-24,9554,feed
['东风汽车'],2021-03-25,28724,feed
['东风汽车'],2021-03-26,13942,feed
['东风汽车'],2021-03-27,26517,feed
['东风汽车'],2021-03-28,12252,feed
['东风汽车'],2021-03-29,5509,feed
['东风汽车'],2021-03-30,9614,feed
['东风汽车'],2021-03-31,5105,feed
['东风汽车'],2021-04-01,7914,feed
['东风汽车'],2021-04-02,5032,feed
['东风汽车'],2021-04-03,19159,feed
['东风汽车'],2021-04-04,16754,feed
['东风汽车'],2021-04-05,23399,feed
['东风汽车'],2021-04-06,5407,feed
['东风汽车'],2021-04-07,4592,feed
['东风汽车'],2021-04-08,5537,feed
['东风汽车'],2021-04-09,3500,feed
['东风汽车'],2021-04-10,35374,feed
['东风汽车'],2021-04-11,31997,feed
['东风汽车'],2021-04-12,18447,feed
['东风汽车'],2021-04-13,229787,feed
['东风汽车'],2021-04-14,210732,feed
['东风汽车'],2021-04-15,12972,feed
['东风汽车'],2021-04-16,10649,feed
['东风汽车'],2021-04-17,29414,feed
['东风汽车'],2021-04-18,45084,feed
['东风汽车'],2021-04-19,49347,feed
['东风汽车'],2021-04-20,39834,feed
['东风汽车'],2021-04-21,26777,feed
['东风汽车'],2021-04-22,29519,feed
['东风汽车'],2021-04-23,41582,feed
['东风汽车'],2021-04-24,22729,feed
['东风汽车'],2021-04-25,21247,feed
['东风汽车'],2021-04-26,39014,feed
['东风汽车'],2021-04-27,50989,feed
['东风汽车'],2021-04-28,21762,feed
['东风汽车'],2021-04-29,17707,feed
['东风汽车'],2021-04-30,5449,feed
['东风汽车'],2021-05-01,6419,feed
['东风汽车'],2021-05-02,3762,feed
['东风汽车'],2021-05-03,2599,feed
['东风汽车'],2021-05-04,1085,feed
['东风汽车'],2021-05-05,4694,feed
['东风汽车'],2021-05-06,3367,feed
['东风汽车'],2021-05-07,77254,feed
['东风汽车'],2021-05-08,42034,feed
['东风汽车'],2021-05-09,17142,feed
['东风汽车'],2021-05-10,163244,feed
['东风汽车'],2021-05-11,289617,feed
['东风汽车'],2021-05-12,9154,feed
['东风汽车'],2021-05-13,120314,feed
['东风汽车'],2021-05-14,110232,feed
['东风汽车'],2021-05-15,68277,feed
['东风汽车'],2021-05-16,36349,feed
['东风汽车'],2021-05-17,48932,feed
['东风汽车'],2021-05-18,52394,feed
['东风汽车'],2021-05-19,55469,feed
['东风汽车'],2021-05-20,14232,feed
['东风汽车'],2021-05-21,13579,feed
['东风汽车'],2021-05-22,17532,feed
['东风汽车'],2021-05-23,40207,feed
['东风汽车'],2021-05-24,113787,feed
['东风汽车'],2021-05-25,94769,feed
['东风汽车'],2021-05-26,43084,feed
['东风汽车'],2021-05-27,23509,feed
['东风汽车'],2021-05-28,17532,feed
['东风汽车'],2021-05-29,20629,feed
['东风汽车'],2021-05-30,11064,feed
['东风汽车'],2021-05-31,10017,feed
['东风汽车'],2021-06-01,12639,feed
['东风汽车'],2021-06-02,28069,feed
['东风汽车'],2021-06-03,29294,feed
['东风汽车'],2021-06-04,36542,feed
['东风汽车'],2021-06-05,49357,feed
['东风汽车'],2021-06-06,20779,feed
['东风汽车'],2021-06-07,16649,feed
['东风汽车'],2021-06-08,16089,feed
['东风汽车'],2021-06-09,23344,feed
['东风汽车'],2021-06-10,67714,feed
['东风汽车'],2021-06-11,13184,feed
['东风汽车'],2021-06-12,6824,feed
['东风汽车'],2021-06-13,16837,feed
['东风汽车'],2021-06-14,18272,feed
['东风汽车'],2021-06-15,13717,feed
['东风汽车'],2021-06-16,45919,feed
['东风汽车'],2021-06-17,17877,feed
['东风汽车'],2021-06-18,14947,feed
['东风汽车'],2021-06-19,7257,feed
['东风汽车'],2021-06-20,15017,feed
['东风汽车'],2021-06-21,7374,feed
['东风汽车'],2021-06-22,13259,feed
['东风汽车'],2021-06-23,34522,feed
['东风汽车'],2021-06-24,9152,feed
['东风汽车'],2021-06-25,8447,feed
['东风汽车'],2021-06-26,3860,feed
['东风汽车'],2021-06-27,7432,feed
['东风汽车'],2021-06-28,6489,feed
['东风汽车'],2021-06-29,15032,feed
['东风汽车'],2021-06-30,28907,feed
['东风汽车'],2021-07-01,49712,feed
['东风汽车'],2021-07-02,15574,feed
['东风汽车'],2021-07-03,13989,feed
['东风汽车'],2021-07-04,14712,feed
['东风汽车'],2021-07-05,9374,feed
['东风汽车'],2021-07-06,13587,feed
['东风汽车'],2021-07-07,12727,feed
['东风汽车'],2021-07-08,6852,feed
['东风汽车'],2021-07-09,4327,feed
['东风汽车'],2021-07-10,10564,feed
['东风汽车'],2021-07-11,4677,feed
['东风汽车'],2021-07-12,7992,feed
['东风汽车'],2021-07-13,7284,feed
['东风汽车'],2021-07-14,8127,feed
['东风汽车'],2021-07-15,6304,feed
['东风汽车'],2021-07-16,14742,feed
['东风汽车'],2021-07-17,5089,feed
['东风汽车'],2021-07-18,3992,feed
['东风汽车'],2021-07-19,36479,feed
['东风汽车'],2021-07-20,6104,feed
['东风汽车'],2021-07-21,11589,feed
['东风汽车'],2021-07-22,24929,feed
['东风汽车'],2021-07-23,28752,feed
['东风汽车'],2021-07-24,32214,feed
['东风汽车'],2021-07-25,16397,feed
['东风汽车'],2021-07-26,21197,feed
['东风汽车'],2021-07-27,13132,feed
['东风汽车'],2021-07-28,8372,feed
['东风汽车'],2021-07-29,34057,feed
['东风汽车'],2021-07-30,12609,feed
['东风汽车'],2021-07-31,11484,feed
['东风汽车'],2021-08-01,6177,feed
['东风汽车'],2021-08-02,3245,feed
['东风汽车'],2021-08-03,5424,feed
['东风汽车'],2021-08-04,4727,feed
['东风汽车'],2021-08-05,5379,feed
['东风汽车'],2021-08-06,3659,feed
['东风汽车'],2021-08-07,3092,feed
['东风汽车'],2021-08-08,5767,feed
['东风汽车'],2021-08-09,14772,feed
['东风汽车'],2021-08-10,25064,feed
['东风汽车'],2021-08-11,18374,feed
['东风汽车'],2021-08-12,55362,feed
['东风汽车'],2021-08-13,99032,feed
['东风汽车'],2021-08-14,111957,feed
['东风汽车'],2021-08-15,56527,feed
['东风汽车'],2021-08-16,26509,feed
['东风汽车'],2021-08-17,175472,feed
['东风汽车'],2021-08-18,31949,feed
['东风汽车'],2021-08-19,30464,feed
['东风汽车'],2021-08-20,11237,feed
['东风汽车'],2021-08-21,5167,feed
['东风汽车'],2021-08-22,1437,feed
['东风汽车'],2021-08-23,1590,feed
['东风汽车'],2021-08-24,2417,feed
['东风汽车'],2021-08-25,5129,feed
['东风汽车'],2021-08-26,4782,feed
['东风汽车'],2021-08-27,16254,feed
['东风汽车'],2021-08-28,35402,feed
['东风汽车'],2021-08-29,64124,feed
['东风汽车'],2021-08-30,46667,feed
['东风汽车'],2021-08-31,29557,feed
['东风汽车'],2021-09-01,22457,feed
['东风汽车'],2021-09-02,61207,feed
['东风汽车'],2021-09-03,60107,feed
['东风汽车'],2021-09-04,23272,feed
['东风汽车'],2021-09-05,25914,feed
['东风汽车'],2021-09-06,10832,feed
['东风汽车'],2021-09-07,78409,feed
['东风汽车'],2021-09-08,125637,feed
['东风汽车'],2021-09-09,73359,feed
['东风汽车'],2021-09-10,172102,feed
['东风汽车'],2021-09-11,18279,feed
['东风汽车'],2021-09-12,6069,feed
['东风汽车'],2021-09-13,12949,feed
['东风汽车'],2021-09-14,23342,feed
['东风汽车'],2021-09-15,64917,feed
['东风汽车'],2021-09-16,26867,feed
['东风汽车'],2021-09-17,26837,feed
['东风汽车'],2021-09-18,23497,feed
['东风汽车'],2021-09-19,79797,feed
['东风汽车'],2021-09-20,66452,feed
['东风汽车'],2021-09-21,22679,feed
['东风汽车'],2021-09-22,25064,feed
['东风汽车'],2021-09-23,27512,feed
['东风汽车'],2021-09-24,14407,feed
['东风汽车'],2021-09-25,57299,feed
['东风汽车'],2021-09-26,24669,feed
['东风汽车'],2021-09-27,33509,feed
['东风汽车'],2021-09-28,17447,feed
['东风汽车'],2021-09-29,86959,feed
['东风汽车'],2021-09-30,13729,feed
['东风汽车'],2021-10-01,5592,feed
['东风汽车'],2021-10-02,3409,feed
['东风汽车'],2021-10-03,2192,feed
['东风汽车'],2021-10-04,1997,feed
['东风汽车'],2021-10-05,3467,feed
['东风汽车'],2021-10-06,2800,feed
['东风汽车'],2021-10-07,7862,feed
['东风汽车'],2021-10-08,11707,feed
['东风汽车'],2021-10-09,6034,feed
['东风汽车'],2021-10-10,9792,feed
['东风汽车'],2021-10-11,9797,feed
['东风汽车'],2021-10-12,7339,feed
['东风汽车'],2021-10-13,23682,feed
['东风汽车'],2021-10-14,30222,feed
['东风汽车'],2021-10-15,13387,feed
['东风汽车'],2021-10-16,5295,feed
['东风汽车'],2021-10-17,6212,feed
['东风汽车'],2021-10-18,6629,feed
['东风汽车'],2021-10-19,94919,feed
['东风汽车'],2021-10-20,26894,feed
['东风汽车'],2021-10-21,16047,feed
['东风汽车'],2021-10-22,16264,feed
['东风汽车'],2021-10-23,20314,feed
['东风汽车'],2021-10-24,9759,feed
['东风汽车'],2021-10-25,13199,feed
['东风汽车'],2021-10-26,917,feed
['东风汽车'],2021-10-27,1672,feed
['东风汽车'],2021-10-28,1584,feed
['东风汽车'],2021-10-29,875,feed
['东风汽车'],2021-10-30,4329,feed
['东风汽车'],2021-10-31,6077,feed
['东风汽车'],2021-11-01,8072,feed
['东风汽车'],2021-11-02,29387,feed
['东风汽车'],2021-11-03,43349,feed
['东风汽车'],2021-11-04,10799,feed
['东风汽车'],2021-11-05,74964,feed
['东风汽车'],2021-11-06,200144,feed
['东风汽车'],2021-11-07,25617,feed
['东风汽车'],2021-11-08,18697,feed
['东风汽车'],2021-11-09,33419,feed
['东风汽车'],2021-11-10,58092,feed
['东风汽车'],2021-11-11,32364,feed
['东风汽车'],2021-11-12,193099,feed
['东风汽车'],2021-11-13,406224,feed
['东风汽车'],2021-11-14,116402,feed
['东风汽车'],2021-11-15,78459,feed
['东风汽车'],2021-11-16,112574,feed
['东风汽车'],2021-11-17,55002,feed
['东风汽车'],2021-11-18,34687,feed
['东风汽车'],2021-11-19,54647,feed
['东风汽车'],2021-11-20,34282,feed
['东风汽车'],2021-11-21,145707,feed
['东风汽车'],2021-11-22,95699,feed
['东风汽车'],2021-11-23,90004,feed
['东风汽车'],2021-11-24,44104,feed
['东风汽车'],2021-11-25,24609,feed
['东风汽车'],2021-11-26,156334,feed
['东风汽车'],2021-11-27,504229,feed
['东风汽车'],2021-11-28,10769,feed
['东风汽车'],2021-11-29,9539,feed
['东风汽车'],2021-11-30,10522,feed
['东风汽车'],2021-12-01,11024,feed
['东风汽车'],2021-12-02,14337,feed
['东风汽车'],2021-12-03,10392,feed
['东风汽车'],2021-12-04,39754,feed
['东风汽车'],2021-12-05,20399,feed
['东风汽车'],2021-12-06,39204,feed
['东风汽车'],2021-12-07,7652,feed
['东风汽车'],2021-12-08,8634,feed
['东风汽车'],2021-12-09,12237,feed
['东风汽车'],2021-12-10,7477,feed
['东风汽车'],2021-12-11,18197,feed
['东风汽车'],2021-12-12,15369,feed
['东风汽车'],2021-12-13,6205,feed
['东风汽车'],2021-12-14,2242,feed
['东风汽车'],2021-12-15,3002,feed
['东风汽车'],2021-12-16,19559,feed
['东风汽车'],2021-12-17,6634,feed
['东风汽车'],2021-12-18,16967,feed
['东风汽车'],2021-12-19,44792,feed
['东风汽车'],2021-12-20,63704,feed
['东风汽车'],2021-12-21,392822,feed
['东风汽车'],2021-12-22,15744,feed
['东风汽车'],2021-12-23,12639,feed
['东风汽车'],2021-12-24,41224,feed
['东风汽车'],2021-12-25,16397,feed
['东风汽车'],2021-12-26,13134,feed
['东风汽车'],2021-12-27,8864,feed
['东风汽车'],2021-12-28,10869,feed
['东风汽车'],2021-12-29,10654,feed
['东风汽车'],2021-12-30,16702,feed
['东风汽车'],2021-12-31,23084,feed
['东风汽车'],2022-01-01,12932,feed
['东风汽车'],2022-01-02,4604,feed
['东风汽车'],2022-01-03,3047,feed
['东风汽车'],2022-01-04,1815,feed
['东风汽车'],2022-01-05,16852,feed
['东风汽车'],2022-01-06,80759,feed
['东风汽车'],2022-01-07,11532,feed
['东风汽车'],2022-01-08,8572,feed
['东风汽车'],2022-01-09,11257,feed
['东风汽车'],2022-01-10,8729,feed
['东风汽车'],2022-01-11,7499,feed
['东风汽车'],2022-01-12,29872,feed
['东风汽车'],2022-01-13,46132,feed
['东风汽车'],2022-01-14,83969,feed
['东风汽车'],2022-01-15,21657,feed
['东风汽车'],2022-01-16,18244,feed
['东风汽车'],2022-01-17,23259,feed
['东风汽车'],2022-01-18,25192,feed
['东风汽车'],2022-01-19,10197,feed
['东风汽车'],2022-01-20,16854,feed
['东风汽车'],2022-01-21,23834,feed
['东风汽车'],2022-01-22,26179,feed
['东风汽车'],2022-01-23,33734,feed
['东风汽车'],2022-01-24,35647,feed
['东风汽车'],2022-01-25,93222,feed
['东风汽车'],2022-01-26,116324,feed
['东风汽车'],2022-01-27,53649,feed
['东风汽车'],2022-01-28,37877,feed
['东风汽车'],2022-01-29,28957,feed
['东风汽车'],2022-01-30,30007,feed
['东风汽车'],2022-01-31,31032,feed
['东风汽车'],2022-02-01,9517,feed
['东风汽车'],2022-02-02,8992,feed
['东风汽车'],2022-02-03,6452,feed
['东风汽车'],2022-02-04,10682,feed
['东风汽车'],2022-02-05,21064,feed
['东风汽车'],2022-02-06,5087,feed
['东风汽车'],2022-02-07,14519,feed
['东风汽车'],2022-02-08,47817,feed
['东风汽车'],2022-02-09,8242,feed
['东风汽车'],2022-02-10,6624,feed
['东风汽车'],2022-02-11,6600,feed
['东风汽车'],2022-02-12,6734,feed
['东风汽车'],2022-02-13,8569,feed
['东风汽车'],2022-02-14,21377,feed
['东风汽车'],2022-02-15,51648,feed
['东风汽车'],2022-02-16,11909,feed
['东风汽车'],2022-02-17,9459,feed
['东风汽车'],2022-02-18,27854,feed
['东风汽车'],2022-02-19,87697,feed
['东风汽车'],2022-02-20,46839,feed
['东风汽车'],2022-02-21,18957,feed
['东风汽车'],2022-02-22,7879,feed
['东风汽车'],2022-02-23,13909,feed
['东风汽车'],2022-02-24,4759,feed
['东风汽车'],2022-02-25,5622,feed
['东风汽车'],2022-02-26,15694,feed
['东风汽车'],2022-02-27,15427,feed
['东风汽车'],2022-02-28,22032,feed
['东风汽车'],2022-03-01,7004,feed
['东风汽车'],2022-03-02,13794,feed
['东风汽车'],2022-03-03,29597,feed
['东风汽车'],2022-03-04,54944,feed
['东风汽车'],2022-03-05,20622,feed
['东风汽车'],2022-03-06,2845,feed
['东风汽车'],2022-03-07,2904,feed
['东风汽车'],2022-03-08,73442,feed
['东风汽车'],2022-03-09,35477,feed
['东风汽车'],2022-03-10,12087,feed
['东风汽车'],2022-03-11,4749,feed
['东风汽车'],2022-03-12,7839,feed
['东风汽车'],2022-03-13,12322,feed
['东风汽车'],2022-03-14,10089,feed
['东风汽车'],2022-03-15,6414,feed
['东风汽车'],2022-03-16,22889,feed
['东风汽车'],2022-03-17,18362,feed
['东风汽车'],2022-03-18,18999,feed
['东风汽车'],2022-03-19,15327,feed
['东风汽车'],2022-03-20,5794,feed
['东风汽车'],2022-03-21,35424,feed
['东风汽车'],2022-03-22,46769,feed
['东风汽车'],2022-03-23,16189,feed
['东风汽车'],2022-03-24,67874,feed
['东风汽车'],2022-03-25,31312,feed
['东风汽车'],2022-03-26,12352,feed
['东风汽车'],2022-03-27,6649,feed
['东风汽车'],2022-03-28,7052,feed
['东风汽车'],2022-03-29,15419,feed
['东风汽车'],2022-03-30,19794,feed
['东风汽车'],2022-03-31,53798,feed
['东风汽车'],2022-04-01,14732,feed
['东风汽车'],2022-04-02,26414,feed
['东风汽车'],2022-04-03,14034,feed
['东风汽车'],2022-04-04,27254,feed
['东风汽车'],2022-04-05,6507,feed
['东风汽车'],2022-04-06,7487,feed
['东风汽车'],2022-04-07,9847,feed
['东风汽车'],2022-04-08,16839,feed
['东风汽车'],2022-04-09,58759,feed
['东风汽车'],2022-04-10,2330,feed
['东风汽车'],2022-04-11,10272,feed
['东风汽车'],2022-04-12,53412,feed
['东风汽车'],2022-04-13,28864,feed
['东风汽车'],2022-04-14,34164,feed
['东风汽车'],2022-04-15,27897,feed
['东风汽车'],2022-04-16,14492,feed
['东风汽车'],2022-04-17,10234,feed
['东风汽车'],2022-04-18,8074,feed
['东风汽车'],2022-04-19,10484,feed
['东风汽车'],2022-04-20,7112,feed
['东风汽车'],2022-04-21,9032,feed
['东风汽车'],2022-04-22,15962,feed
['东风汽车'],2022-04-23,21697,feed
['东风汽车'],2022-04-24,15932,feed
['东风汽车'],2022-04-25,8334,feed
['东风汽车'],2022-04-26,4144,feed
['东风汽车'],2022-04-27,1222,feed
['东风汽车'],2022-04-28,135,feed
['东风汽车'],2022-04-29,2730,feed
['东风汽车'],2022-04-30,24898,feed
['东风汽车'],2022-05-01,934,feed
['东风汽车'],2022-05-02,1179,feed
['东风汽车'],2022-05-03,1147,feed
['东风汽车'],2022-05-04,10104,feed
['东风汽车'],2022-05-05,1322,feed
['东风汽车'],2022-05-06,8967,feed
['东风汽车'],2022-05-07,26459,feed
['东风汽车'],2022-05-08,40742,feed
['东风汽车'],2022-05-09,75659,feed
['东风汽车'],2022-05-10,18617,feed
['东风汽车'],2022-05-11,8759,feed
['东风汽车'],2022-05-12,2412,feed
['东风汽车'],2022-05-13,2599,feed
['东风汽车'],2022-05-14,4252,feed
['东风汽车'],2022-05-15,1592,feed
['东风汽车'],2022-05-16,104912,feed
['东风汽车'],2022-05-17,59609,feed
['东风汽车'],2022-05-18,30034,feed
['东风汽车'],2022-05-19,13879,feed
['东风汽车'],2022-05-20,5344,feed
['东风汽车'],2022-05-21,14027,feed
['东风汽车'],2022-05-22,11887,feed
['东风汽车'],2022-05-23,18172,feed
['东风汽车'],2022-05-24,31562,feed
['东风汽车'],2022-05-25,57507,feed
['东风汽车'],2022-05-26,118624,feed
['东风汽车'],2022-05-27,80199,feed
['东风汽车'],2022-05-28,187592,feed
['东风汽车'],2022-05-29,19304,feed
['东风汽车'],2022-05-30,40987,feed
['东风汽车'],2022-05-31,521209,feed
['东风汽车'],2022-06-01,127049,feed
['东风汽车'],2022-06-02,134547,feed
['东风汽车'],2022-06-03,55814,feed
['东风汽车'],2022-06-04,49824,feed
['东风汽车'],2022-06-05,39154,feed
['东风汽车'],2022-06-06,68884,feed
['东风汽车'],2022-06-07,55329,feed
['东风汽车'],2022-06-08,324547,feed
['东风汽车'],2022-06-09,218207,feed
['东风汽车'],2022-06-10,174194,feed
['东风汽车'],2022-06-11,19429,feed
['东风汽车'],2022-06-12,24387,feed
['东风汽车'],2022-06-13,25919,feed
['东风汽车'],2022-06-14,30072,feed
['东风汽车'],2022-06-15,14282,feed
['东风汽车'],2022-06-16,11099,feed
['东风汽车'],2022-06-17,11079,feed
['东风汽车'],2022-06-18,10502,feed
['东风汽车'],2022-06-19,7984,feed
['东风汽车'],2022-06-20,9347,feed
['东风汽车'],2022-06-21,6424,feed
['东风汽车'],2022-06-22,7067,feed
['东风汽车'],2022-06-23,16224,feed
['东风汽车'],2022-06-24,8492,feed
['东风汽车'],2022-06-25,10397,feed
['东风汽车'],2022-06-26,3079,feed
['东风汽车'],2022-06-27,10237,feed
['东风汽车'],2022-06-28,18459,feed
['东风汽车'],2022-06-29,35324,feed
['东风汽车'],2022-06-30,6614,feed
['东风汽车'],2022-07-01,7652,feed
['东风汽车'],2022-07-02,11234,feed
['东风汽车'],2022-07-03,8594,feed
['东风汽车'],2022-07-04,4024,feed
['东风汽车'],2022-07-05,2644,feed
['东风汽车'],2022-07-06,6089,feed
['东风汽车'],2022-07-07,13562,feed
['东风汽车'],2022-07-08,15929,feed
['东风汽车'],2022-07-09,2532,feed
['东风汽车'],2022-07-10,2724,feed
['东风汽车'],2022-07-11,29057,feed
['东风汽车'],2022-07-12,20652,feed
['东风汽车'],2022-07-13,18674,feed
['东风汽车'],2022-07-14,5792,feed
['东风汽车'],2022-07-15,11132,feed
['东风汽车'],2022-07-16,22519,feed
['东风汽车'],2022-07-17,4357,feed
['东风汽车'],2022-07-18,3184,feed
['东风汽车'],2022-07-19,384159,feed
['东风汽车'],2022-07-20,19497,feed
['东风汽车'],2022-07-21,1932,feed
['东风汽车'],2022-07-22,6940,feed
['东风汽车'],2022-07-23,12114,feed
['东风汽车'],2022-07-24,4470,feed
['东风汽车'],2022-07-25,1242,feed
['东风汽车'],2022-07-26,2207,feed
['东风汽车'],2022-07-27,3395,feed
['东风汽车'],2022-07-28,5264,feed
['东风汽车'],2022-07-29,16832,feed
['东风汽车'],2022-07-30,5779,feed
['东风汽车'],2022-07-31,3240,feed
['东风汽车'],2022-08-01,23242,feed
['东风汽车'],2022-08-02,12252,feed
['东风汽车'],2022-08-03,11277,feed
['东风汽车'],2022-08-04,50822,feed
['东风汽车'],2022-08-05,16604,feed
['东风汽车'],2022-08-06,13582,feed
['东风汽车'],2022-08-07,5912,feed
['东风汽车'],2022-08-08,7474,feed
['东风汽车'],2022-08-09,7232,feed
['东风汽车'],2022-08-10,7672,feed
['东风汽车'],2022-08-11,11944,feed
['东风汽车'],2022-08-12,13904,feed
['东风汽车'],2022-08-13,45777,feed
['东风汽车'],2022-08-14,42107,feed
['东风汽车'],2022-08-15,53888,feed
['东风汽车'],2022-08-16,30622,feed
['东风汽车'],2022-08-17,13527,feed
['东风汽车'],2022-08-18,28062,feed
['东风汽车'],2022-08-19,40812,feed
['东风汽车'],2022-08-20,5242,feed
['东风汽车'],2022-08-21,43592,feed
['东风汽车'],2022-08-22,30399,feed
['东风汽车'],2022-08-23,10192,feed
['东风汽车'],2022-08-24,8422,feed
['东风汽车'],2022-08-25,6999,feed
['东风汽车'],2022-08-26,3067,feed
['东风汽车'],2022-08-27,3022,feed
['东风汽车'],2022-08-28,63149,feed
['东风汽车'],2022-08-29,62979,feed
['东风汽车'],2022-08-30,46354,feed
['东风汽车'],2022-08-31,12727,feed
['东风汽车'],2022-09-01,12254,feed
['东风汽车'],2022-09-02,14249,feed
['东风汽车'],2022-09-03,11569,feed
['东风汽车'],2022-09-04,17067,feed
['东风汽车'],2022-09-05,13284,feed
['东风汽车'],2022-09-06,13572,feed
['东风汽车'],2022-09-07,11527,feed
['东风汽车'],2022-09-08,13174,feed
['东风汽车'],2022-09-09,7439,feed
['东风汽车'],2022-09-10,45789,feed
['东风汽车'],2022-09-11,20282,feed
['东风汽车'],2022-09-12,25699,feed
['东风汽车'],2022-09-13,25327,feed
['东风汽车'],2022-09-14,145774,feed
['东风汽车'],2022-09-15,140253,feed
['东风汽车'],2022-09-16,153306,feed
['东风汽车'],2022-09-17,347191,feed
['东风汽车'],2022-09-18,272881,feed
['东风汽车'],2022-09-19,208651,feed
['东风汽车'],2022-09-20,84466,feed
['东风汽车'],2022-09-21,71021,feed
['东风汽车'],2022-09-22,67699,feed
['东风汽车'],2022-09-23,41953,feed
['东风汽车'],2022-09-24,44624,feed
['东风汽车'],2022-09-25,49836,feed
['东风汽车'],2022-09-26,85109,feed
['东风汽车'],2022-09-27,100303,feed
['东风汽车'],2022-09-28,46631,feed
['东风汽车'],2022-09-29,96966,feed
['东风汽车'],2022-09-30,78844,feed
['东风汽车'],2022-10-01,63421,feed
['东风汽车'],2022-10-02,55774,feed
['东风汽车'],2022-10-03,27609,feed
['东风汽车'],2022-10-04,40904,feed
['东风汽车'],2022-10-05,29124,feed
['东风汽车'],2022-10-06,27849,feed
['东风汽车'],2022-10-07,25987,feed
['东风汽车'],2022-10-08,15222,feed
['东风汽车'],2022-10-09,33947,feed
['东风汽车'],2022-10-10,32299,feed
['东风汽车'],2022-10-11,24307,feed
['东风汽车'],2022-10-12,24089,feed
['东风汽车'],2022-10-13,20284,feed
['东风汽车'],2022-10-14,13677,feed
['东风汽车'],2022-10-15,84372,feed
['东风汽车'],2022-10-16,78784,feed
['东风汽车'],2022-10-17,35722,feed
['东风汽车'],2022-10-18,19759,feed
['东风汽车'],2022-10-19,393687,feed
['东风汽车'],2022-10-20,388224,feed
['东风汽车'],2022-10-21,68747,feed
['东风汽车'],2022-10-22,35132,feed
['东风汽车'],2022-10-23,20249,feed
['东风汽车'],2022-10-24,32222,feed
['东风汽车'],2022-10-25,42117,feed
['东风汽车'],2022-10-26,19514,feed
['东风汽车'],2022-10-27,16357,feed
['东风汽车'],2022-10-28,22742,feed
['东风汽车'],2022-10-29,67189,feed
['东风汽车'],2022-10-30,74894,feed
['东风汽车'],2022-10-31,31784,feed
['东风汽车'],2022-11-01,52522,feed
['东风汽车'],2022-11-02,56907,feed
['东风汽车'],2022-11-03,45294,feed
['东风汽车'],2022-11-04,27429,feed
['东风汽车'],2022-11-05,8367,feed
['东风汽车'],2022-11-06,6699,feed
['东风汽车'],2022-11-07,22084,feed
['东风汽车'],2022-11-08,21539,feed
['东风汽车'],2022-11-09,9657,feed
['东风汽车'],2022-11-10,12979,feed
['东风汽车'],2022-11-11,41958,feed
['东风汽车'],2022-11-12,7364,feed
['东风汽车'],2022-11-13,13384,feed
['东风汽车'],2022-11-14,6697,feed
['东风汽车'],2022-11-15,15857,feed
['东风汽车'],2022-11-16,30402,feed
['东风汽车'],2022-11-17,16874,feed
['东风汽车'],2022-11-18,26232,feed
['东风汽车'],2022-11-19,20062,feed
['东风汽车'],2022-11-20,11169,feed
['东风汽车'],2022-11-21,8317,feed
['东风汽车'],2022-11-22,10379,feed
['东风汽车'],2022-11-23,17317,feed
['东风汽车'],2022-11-24,45744,feed
['东风汽车'],2022-11-25,100299,feed
['东风汽车'],2022-11-26,31222,feed
['东风汽车'],2022-11-27,22544,feed
['东风汽车'],2022-11-28,9104,feed
['东风汽车'],2022-11-29,3175,feed
['东风汽车'],2022-11-30,47488,feed
['东风汽车'],2022-12-01,26657,feed
['东风汽车'],2022-12-02,20127,feed
['东风汽车'],2022-12-03,8502,feed
['东风汽车'],2022-12-04,7187,feed
['东风汽车'],2022-12-05,6579,feed
['东风汽车'],2022-12-06,8432,feed
['东风汽车'],2022-12-07,13084,feed
['东风汽车'],2022-12-08,29069,feed
['东风汽车'],2022-12-09,44812,feed
['东风汽车'],2022-12-10,26582,feed
['东风汽车'],2022-12-11,31409,feed
['东风汽车'],2022-12-12,36107,feed
['东风汽车'],2022-12-13,17782,feed
['东风汽车'],2022-12-14,15544,feed
['东风汽车'],2022-12-15,31514,feed
['东风汽车'],2022-12-16,20147,feed
['东风汽车'],2022-12-17,14034,feed
['东风汽车'],2022-12-18,8954,feed
['东风汽车'],2022-12-19,11517,feed
['东风汽车'],2022-12-20,16714,feed
['东风汽车'],2022-12-21,12024,feed
['东风汽车'],2022-12-22,13859,feed
['东风汽车'],2022-12-23,6394,feed
['东风汽车'],2022-12-24,4917,feed
['东风汽车'],2022-12-25,6857,feed
['东风汽车'],2022-12-26,5019,feed
['东风汽车'],2022-12-27,10749,feed
['东风汽车'],2022-12-28,10794,feed
['东风汽车'],2022-12-29,14044,feed
['东风汽车'],2022-12-30,46287,feed
['东风汽车'],2022-12-31,35764,feed
